image_name,focused/studying/distracted
focused_00000.jpg,0
focused_00001.jpg,0
focused_00002.jpg,0
focused_00003.jpg,0
focused_00004.jpg,0
focused_00005.jpg,0
focused_00006.jpg,0
focused_00007.jpg,0
focused_00008.jpg,0
focused_00009.jpg,0
focused_00010.jpg,0
focused_00011.jpg,0
focused_00012.jpg,0
focused_00013.jpg,0
focused_00014.jpg,0
focused_00015.jpg,0
focused_00016.jpg,0
focused_00017.jpg,0
focused_00018.jpg,0
focused_00019.jpg,0
focused_00020.jpg,0
focused_00021.jpg,0
focused_00022.jpg,0
focused_00023.jpg,0
focused_00024.jpg,0
focused_00025.jpg,0
focused_00026.jpg,0
focused_00027.jpg,0
focused_00028.jpg,0
focused_00029.jpg,0
focused_00030.jpg,0
focused_00031.jpg,0
focused_00032.jpg,0
focused_00033.jpg,0
focused_00034.jpg,0
focused_00035.jpg,0
focused_00036.jpg,0
focused_00037.jpg,0
focused_00038.jpg,0
focused_00039.jpg,0
focused_00040.jpg,0
focused_00041.jpg,0
focused_00042.jpg,0
focused_00043.jpg,0
focused_00044.jpg,0
focused_00045.jpg,0
focused_00046.jpg,0
focused_00047.jpg,0
focused_00048.jpg,0
focused_00049.jpg,0
focused_00050.jpg,0
focused_00051.jpg,0
focused_00052.jpg,0
focused_00053.jpg,0
focused_00054.jpg,0
focused_00055.jpg,0
focused_00056.jpg,0
focused_00057.jpg,0
focused_00058.jpg,0
focused_00059.jpg,0
focused_00060.jpg,0
focused_00061.jpg,0
focused_00062.jpg,0
focused_00063.jpg,0
focused_00064.jpg,0
focused_00065.jpg,0
focused_00066.jpg,0
focused_00067.jpg,0
focused_00068.jpg,0
focused_00069.jpg,0
focused_00070.jpg,0
focused_00071.jpg,0
focused_00072.jpg,0
focused_00073.jpg,0
focused_00074.jpg,0
focused_00075.jpg,0
focused_00076.jpg,0
focused_00077.jpg,0
focused_00078.jpg,0
focused_00079.jpg,0
focused_00080.jpg,0
focused_00081.jpg,0
focused_00082.jpg,0
focused_00083.jpg,0
focused_00084.jpg,0
focused_00085.jpg,0
focused_00086.jpg,0
focused_00087.jpg,0
focused_00088.jpg,0
focused_00089.jpg,0
focused_00090.jpg,0
focused_00091.jpg,0
focused_00092.jpg,0
focused_00093.jpg,0
focused_00094.jpg,0
focused_00095.jpg,0
focused_00096.jpg,0
focused_00097.jpg,0
focused_00098.jpg,0
focused_00099.jpg,0
focused_00100.jpg,0
focused_00101.jpg,0
focused_00102.jpg,0
focused_00103.jpg,0
focused_00104.jpg,0
focused_00105.jpg,0
focused_00106.jpg,0
focused_00107.jpg,0
focused_00108.jpg,0
focused_00109.jpg,0
focused_00110.jpg,0
focused_00111.jpg,0
focused_00112.jpg,0
focused_00113.jpg,0
focused_00114.jpg,0
focused_00115.jpg,0
focused_00116.jpg,0
focused_00117.jpg,0
focused_00118.jpg,0
focused_00119.jpg,0
focused_00120.jpg,0
focused_00121.jpg,0
focused_00122.jpg,0
focused_00123.jpg,0
focused_00124.jpg,0
focused_00125.jpg,0
focused_00126.jpg,0
focused_00127.jpg,0
focused_00128.jpg,0
focused_00129.jpg,0
focused_00130.jpg,0
focused_00131.jpg,0
focused_00132.jpg,0
focused_00133.jpg,0
focused_00134.jpg,0
focused_00135.jpg,0
focused_00136.jpg,0
focused_00137.jpg,0
focused_00138.jpg,0
focused_00139.jpg,0
focused_00140.jpg,0
focused_00141.jpg,0
focused_00142.jpg,0
focused_00143.jpg,0
focused_00144.jpg,0
focused_00145.jpg,0
focused_00146.jpg,0
focused_00147.jpg,0
focused_00148.jpg,0
focused_00149.jpg,0
focused_00150.jpg,0
focused_00151.jpg,0
focused_00152.jpg,0
focused_00153.jpg,0
focused_00154.jpg,0
focused_00155.jpg,0
focused_00156.jpg,0
focused_00157.jpg,0
focused_00158.jpg,0
focused_00159.jpg,0
focused_00160.jpg,0
focused_00161.jpg,0
focused_00162.jpg,0
focused_00163.jpg,0
focused_00164.jpg,0
focused_00165.jpg,0
focused_00166.jpg,0
focused_00167.jpg,0
focused_00168.jpg,0
focused_00169.jpg,0
focused_00170.jpg,0
focused_00171.jpg,0
focused_00172.jpg,0
focused_00173.jpg,0
focused_00174.jpg,0
focused_00175.jpg,0
focused_00176.jpg,0
focused_00177.jpg,0
focused_00178.jpg,0
focused_00179.jpg,0
focused_00180.jpg,0
focused_00181.jpg,0
focused_00182.jpg,0
focused_00183.jpg,0
focused_00184.jpg,0
focused_00185.jpg,0
focused_00186.jpg,0
focused_00187.jpg,0
focused_00188.jpg,0
focused_00189.jpg,0
focused_00190.jpg,0
focused_00191.jpg,0
focused_00192.jpg,0
focused_00193.jpg,0
focused_00194.jpg,0
focused_00195.jpg,0
focused_00196.jpg,0
focused_00197.jpg,0
focused_00198.jpg,0
focused_00199.jpg,0
focused_00200.jpg,0
focused_00201.jpg,0
focused_00202.jpg,0
focused_00203.jpg,0
focused_00204.jpg,0
focused_00205.jpg,0
focused_00206.jpg,0
focused_00207.jpg,0
focused_00208.jpg,0
focused_00209.jpg,0
focused_00210.jpg,0
focused_00211.jpg,0
focused_00212.jpg,0
focused_00213.jpg,0
focused_00214.jpg,0
focused_00215.jpg,0
focused_00216.jpg,0
focused_00217.jpg,0
focused_00218.jpg,0
focused_00219.jpg,0
focused_00220.jpg,0
focused_00221.jpg,0
focused_00222.jpg,0
focused_00223.jpg,0
focused_00224.jpg,0
focused_00225.jpg,0
focused_00226.jpg,0
focused_00227.jpg,0
focused_00228.jpg,0
focused_00229.jpg,0
focused_00230.jpg,0
focused_00231.jpg,0
focused_00232.jpg,0
focused_00233.jpg,0
focused_00234.jpg,0
focused_00235.jpg,0
focused_00236.jpg,0
focused_00237.jpg,0
focused_00238.jpg,0
focused_00239.jpg,0
focused_00240.jpg,0
focused_00241.jpg,0
focused_00242.jpg,0
focused_00243.jpg,0
focused_00244.jpg,0
focused_00245.jpg,0
focused_00246.jpg,0
focused_00247.jpg,0
focused_00248.jpg,0
focused_00249.jpg,0
focused_00250.jpg,0
focused_00251.jpg,0
focused_00252.jpg,0
focused_00253.jpg,0
focused_00254.jpg,0
focused_00255.jpg,0
focused_00256.jpg,0
focused_00257.jpg,0
focused_00258.jpg,0
focused_00259.jpg,0
focused_00260.jpg,0
focused_00261.jpg,0
focused_00262.jpg,0
focused_00263.jpg,0
focused_00264.jpg,0
focused_00265.jpg,0
focused_00266.jpg,0
focused_00267.jpg,0
focused_00268.jpg,0
focused_00269.jpg,0
focused_00270.jpg,0
focused_00271.jpg,0
focused_00272.jpg,0
focused_00273.jpg,0
focused_00274.jpg,0
focused_00275.jpg,0
focused_00276.jpg,0
focused_00277.jpg,0
focused_00278.jpg,0
focused_00279.jpg,0
focused_00280.jpg,0
focused_00281.jpg,0
focused_00282.jpg,0
focused_00283.jpg,0
focused_00284.jpg,0
focused_00285.jpg,0
focused_00286.jpg,0
focused_00287.jpg,0
focused_00288.jpg,0
focused_00289.jpg,0
focused_00290.jpg,0
focused_00291.jpg,0
focused_00292.jpg,0
focused_00293.jpg,0
focused_00294.jpg,0
focused_00295.jpg,0
focused_00296.jpg,0
focused_00297.jpg,0
focused_00298.jpg,0
focused_00299.jpg,0
focused_00300.jpg,0
focused_00301.jpg,0
focused_00302.jpg,0
focused_00303.jpg,0
focused_00304.jpg,0
focused_00305.jpg,0
focused_00306.jpg,0
focused_00307.jpg,0
focused_00308.jpg,0
focused_00309.jpg,0
focused_00310.jpg,0
focused_00311.jpg,0
focused_00312.jpg,0
focused_00313.jpg,0
focused_00314.jpg,0
focused_00315.jpg,0
focused_00316.jpg,0
focused_00317.jpg,0
focused_00318.jpg,0
focused_00319.jpg,0
focused_00320.jpg,0
focused_00321.jpg,0
focused_00322.jpg,0
focused_00323.jpg,0
focused_00324.jpg,0
focused_00325.jpg,0
focused_00326.jpg,0
focused_00327.jpg,0
focused_00328.jpg,0
focused_00329.jpg,0
focused_00330.jpg,0
focused_00331.jpg,0
focused_00332.jpg,0
focused_00333.jpg,0
focused_00334.jpg,0
focused_00335.jpg,0
focused_00336.jpg,0
focused_00337.jpg,0
focused_00338.jpg,0
focused_00339.jpg,0
focused_00340.jpg,0
focused_00341.jpg,0
focused_00342.jpg,0
focused_00343.jpg,0
focused_00344.jpg,0
focused_00345.jpg,0
focused_00346.jpg,0
focused_00347.jpg,0
focused_00348.jpg,0
focused_00349.jpg,0
focused_00350.jpg,0
focused_00351.jpg,0
focused_00352.jpg,0
focused_00353.jpg,0
focused_00354.jpg,0
focused_00355.jpg,0
focused_00356.jpg,0
focused_00357.jpg,0
focused_00358.jpg,0
focused_00359.jpg,0
focused_00360.jpg,0
focused_00361.jpg,0
focused_00362.jpg,0
focused_00363.jpg,0
focused_00364.jpg,0
focused_00365.jpg,0
focused_00366.jpg,0
focused_00367.jpg,0
focused_00368.jpg,0
focused_00369.jpg,0
focused_00370.jpg,0
focused_00371.jpg,0
focused_00372.jpg,0
focused_00373.jpg,0
focused_00374.jpg,0
focused_00375.jpg,0
focused_00376.jpg,0
focused_00377.jpg,0
focused_00378.jpg,0
focused_00379.jpg,0
focused_00380.jpg,0
focused_00381.jpg,0
focused_00382.jpg,0
focused_00383.jpg,0
focused_00384.jpg,0
focused_00385.jpg,0
focused_00386.jpg,0
focused_00387.jpg,0
focused_00388.jpg,0
focused_00389.jpg,0
focused_00390.jpg,0
focused_00391.jpg,0
focused_00392.jpg,0
focused_00393.jpg,0
focused_00394.jpg,0
focused_00395.jpg,0
focused_00396.jpg,0
focused_00397.jpg,0
focused_00398.jpg,0
focused_00399.jpg,0
focused_00400.jpg,0
focused_00401.jpg,0
focused_00402.jpg,0
focused_00403.jpg,0
focused_00404.jpg,0
focused_00405.jpg,0
focused_00406.jpg,0
focused_00407.jpg,0
focused_00408.jpg,0
focused_00409.jpg,0
focused_00410.jpg,0
focused_00411.jpg,0
focused_00412.jpg,0
focused_00413.jpg,0
focused_00414.jpg,0
focused_00415.jpg,0
focused_00416.jpg,0
focused_00417.jpg,0
focused_00418.jpg,0
focused_00419.jpg,0
focused_00420.jpg,0
focused_00421.jpg,0
focused_00422.jpg,0
focused_00423.jpg,0
focused_00424.jpg,0
focused_00425.jpg,0
focused_00426.jpg,0
focused_00427.jpg,0
focused_00428.jpg,0
focused_00429.jpg,0
focused_00430.jpg,0
focused_00431.jpg,0
focused_00432.jpg,0
focused_00433.jpg,0
focused_00434.jpg,0
focused_00435.jpg,0
focused_00436.jpg,0
focused_00437.jpg,0
focused_00438.jpg,0
focused_00439.jpg,0
focused_00440.jpg,0
focused_00441.jpg,0
focused_00442.jpg,0
focused_00443.jpg,0
focused_00444.jpg,0
focused_00445.jpg,0
focused_00446.jpg,0
focused_00447.jpg,0
focused_00448.jpg,0
focused_00449.jpg,0
focused_00450.jpg,0
focused_00451.jpg,0
focused_00452.jpg,0
focused_00453.jpg,0
focused_00454.jpg,0
focused_00455.jpg,0
focused_00456.jpg,0
focused_00457.jpg,0
focused_00458.jpg,0
focused_00459.jpg,0
focused_00460.jpg,0
focused_00461.jpg,0
focused_00462.jpg,0
focused_00463.jpg,0
focused_00464.jpg,0
focused_00465.jpg,0
focused_00466.jpg,0
focused_00467.jpg,0
focused_00468.jpg,0
focused_00469.jpg,0
focused_00470.jpg,0
focused_00471.jpg,0
focused_00472.jpg,0
focused_00473.jpg,0
focused_00474.jpg,0
focused_00475.jpg,0
focused_00476.jpg,0
focused_00477.jpg,0
focused_00478.jpg,0
focused_00479.jpg,0
focused_00480.jpg,0
focused_00481.jpg,0
focused_00482.jpg,0
focused_00483.jpg,0
focused_00484.jpg,0
focused_00485.jpg,0
focused_00486.jpg,0
focused_00487.jpg,0
focused_00488.jpg,0
focused_00489.jpg,0
focused_00490.jpg,0
focused_00491.jpg,0
focused_00492.jpg,0
focused_00493.jpg,0
focused_00494.jpg,0
focused_00495.jpg,0
focused_00496.jpg,0
focused_00497.jpg,0
focused_00498.jpg,0
focused_00499.jpg,0
focused_00500.jpg,0
focused_00501.jpg,0
focused_00502.jpg,0
focused_00503.jpg,0
focused_00504.jpg,0
focused_00505.jpg,0
focused_00506.jpg,0
focused_00507.jpg,0
focused_00508.jpg,0
focused_00509.jpg,0
focused_00510.jpg,0
focused_00511.jpg,0
focused_00512.jpg,0
focused_00513.jpg,0
focused_00514.jpg,0
focused_00515.jpg,0
focused_00516.jpg,0
focused_00517.jpg,0
focused_00518.jpg,0
focused_00519.jpg,0
focused_00520.jpg,0
focused_00521.jpg,0
focused_00522.jpg,0
focused_00523.jpg,0
focused_00524.jpg,0
focused_00525.jpg,0
focused_00526.jpg,0
focused_00527.jpg,0
focused_00528.jpg,0
focused_00529.jpg,0
focused_00530.jpg,0
focused_00531.jpg,0
focused_00532.jpg,0
focused_00533.jpg,0
focused_00534.jpg,0
focused_00535.jpg,0
focused_00536.jpg,0
focused_00537.jpg,0
focused_00538.jpg,0
focused_00539.jpg,0
focused_00540.jpg,0
focused_00541.jpg,0
focused_00542.jpg,0
focused_00543.jpg,0
focused_00544.jpg,0
focused_00545.jpg,0
focused_00546.jpg,0
focused_00547.jpg,0
focused_00548.jpg,0
focused_00549.jpg,0
focused_00550.jpg,0
focused_00551.jpg,0
focused_00552.jpg,0
focused_00553.jpg,0
focused_00554.jpg,0
focused_00555.jpg,0
focused_00556.jpg,0
focused_00557.jpg,0
focused_00558.jpg,0
focused_00559.jpg,0
focused_00560.jpg,0
focused_00561.jpg,0
focused_00562.jpg,0
focused_00563.jpg,0
focused_00564.jpg,0
focused_00565.jpg,0
focused_00566.jpg,0
focused_00567.jpg,0
focused_00568.jpg,0
focused_00569.jpg,0
focused_00570.jpg,0
focused_00571.jpg,0
focused_00572.jpg,0
focused_00573.jpg,0
focused_00574.jpg,0
focused_00575.jpg,0
focused_00576.jpg,0
focused_00577.jpg,0
focused_00578.jpg,0
focused_00579.jpg,0
focused_00580.jpg,0
focused_00581.jpg,0
focused_00582.jpg,0
focused_00583.jpg,0
focused_00584.jpg,0
focused_00585.jpg,0
focused_00586.jpg,0
focused_00587.jpg,0
focused_00588.jpg,0
focused_00589.jpg,0
focused_00590.jpg,0
focused_00591.jpg,0
focused_00592.jpg,0
focused_00593.jpg,0
focused_00594.jpg,0
focused_00595.jpg,0
focused_00596.jpg,0
focused_00597.jpg,0
focused_00598.jpg,0
focused_00599.jpg,0
focused_00600.jpg,0
focused_00601.jpg,0
focused_00602.jpg,0
focused_00603.jpg,0
focused_00604.jpg,0
focused_00605.jpg,0
focused_00606.jpg,0
focused_00607.jpg,0
focused_00608.jpg,0
focused_00609.jpg,0
focused_00610.jpg,0
focused_00611.jpg,0
focused_00612.jpg,0
focused_00613.jpg,0
focused_00614.jpg,0
focused_00615.jpg,0
focused_00616.jpg,0
focused_00617.jpg,0
focused_00618.jpg,0
focused_00619.jpg,0
focused_00620.jpg,0
focused_00621.jpg,0
focused_00622.jpg,0
focused_00623.jpg,0
focused_00624.jpg,0
focused_00625.jpg,0
focused_00626.jpg,0
focused_00627.jpg,0
focused_00628.jpg,0
focused_00629.jpg,0
focused_00630.jpg,0
focused_00631.jpg,0
focused_00632.jpg,0
focused_00633.jpg,0
focused_00634.jpg,0
focused_00635.jpg,0
focused_00636.jpg,0
focused_00637.jpg,0
focused_00638.jpg,0
focused_00639.jpg,0
focused_00640.jpg,0
focused_00641.jpg,0
focused_00642.jpg,0
focused_00643.jpg,0
focused_00644.jpg,0
focused_00645.jpg,0
focused_00646.jpg,0
focused_00647.jpg,0
focused_00648.jpg,0
focused_00649.jpg,0
focused_00650.jpg,0
focused_00651.jpg,0
focused_00652.jpg,0
focused_00653.jpg,0
focused_00654.jpg,0
focused_00655.jpg,0
focused_00656.jpg,0
focused_00657.jpg,0
focused_00658.jpg,0
focused_00659.jpg,0
focused_00660.jpg,0
focused_00661.jpg,0
focused_00662.jpg,0
focused_00663.jpg,0
focused_00664.jpg,0
focused_00665.jpg,0
focused_00666.jpg,0
focused_00667.jpg,0
focused_00668.jpg,0
focused_00669.jpg,0
focused_00670.jpg,0
focused_00671.jpg,0
focused_00672.jpg,0
focused_00673.jpg,0
focused_00674.jpg,0
focused_00675.jpg,0
focused_00676.jpg,0
focused_00677.jpg,0
focused_00678.jpg,0
focused_00679.jpg,0
focused_00680.jpg,0
focused_00681.jpg,0
focused_00682.jpg,0
focused_00683.jpg,0
focused_00684.jpg,0
focused_00685.jpg,0
focused_00686.jpg,0
focused_00687.jpg,0
focused_00688.jpg,0
focused_00689.jpg,0
focused_00690.jpg,0
focused_00691.jpg,0
focused_00692.jpg,0
focused_00693.jpg,0
focused_00694.jpg,0
focused_00695.jpg,0
focused_00696.jpg,0
focused_00697.jpg,0
focused_00698.jpg,0
focused_00699.jpg,0
focused_00700.jpg,0
focused_00701.jpg,0
focused_00702.jpg,0
focused_00703.jpg,0
focused_00704.jpg,0
focused_00705.jpg,0
focused_00706.jpg,0
focused_00707.jpg,0
focused_00708.jpg,0
focused_00709.jpg,0
focused_00710.jpg,0
focused_00711.jpg,0
focused_00712.jpg,0
focused_00713.jpg,0
focused_00714.jpg,0
focused_00715.jpg,0
focused_00716.jpg,0
focused_00717.jpg,0
focused_00718.jpg,0
focused_00719.jpg,0
focused_00720.jpg,0
focused_00721.jpg,0
focused_00722.jpg,0
focused_00723.jpg,0
focused_00724.jpg,0
focused_00725.jpg,0
focused_00726.jpg,0
focused_00727.jpg,0
focused_00728.jpg,0
focused_00729.jpg,0
focused_00730.jpg,0
focused_00731.jpg,0
focused_00732.jpg,0
focused_00733.jpg,0
focused_00734.jpg,0
focused_00735.jpg,0
focused_00736.jpg,0
focused_00737.jpg,0
focused_00738.jpg,0
focused_00739.jpg,0
focused_00740.jpg,0
focused_00741.jpg,0
focused_00742.jpg,0
focused_00743.jpg,0
focused_00744.jpg,0
focused_00745.jpg,0
focused_00746.jpg,0
focused_00747.jpg,0
focused_00748.jpg,0
focused_00749.jpg,0
focused_00750.jpg,0
focused_00751.jpg,0
focused_00752.jpg,0
focused_00753.jpg,0
focused_00754.jpg,0
focused_00755.jpg,0
focused_00756.jpg,0
focused_00757.jpg,0
focused_00758.jpg,0
focused_00759.jpg,0
focused_00760.jpg,0
focused_00761.jpg,0
focused_00762.jpg,0
focused_00763.jpg,0
focused_00764.jpg,0
focused_00765.jpg,0
focused_00766.jpg,0
focused_00767.jpg,0
focused_00768.jpg,0
focused_00769.jpg,0
focused_00770.jpg,0
focused_00771.jpg,0
focused_00772.jpg,0
focused_00773.jpg,0
focused_00774.jpg,0
focused_00775.jpg,0
focused_00776.jpg,0
focused_00777.jpg,0
focused_00778.jpg,0
focused_00779.jpg,0
focused_00780.jpg,0
focused_00781.jpg,0
focused_00782.jpg,0
focused_00783.jpg,0
focused_00784.jpg,0
focused_00785.jpg,0
focused_00786.jpg,0
focused_00787.jpg,0
focused_00788.jpg,0
focused_00789.jpg,0
focused_00790.jpg,0
focused_00791.jpg,0
focused_00792.jpg,0
focused_00793.jpg,0
focused_00794.jpg,0
focused_00795.jpg,0
focused_00796.jpg,0
focused_00797.jpg,0
focused_00798.jpg,0
focused_00799.jpg,0
focused_00800.jpg,0
focused_00801.jpg,0
focused_00802.jpg,0
focused_00803.jpg,0
focused_00804.jpg,0
focused_00805.jpg,0
focused_00806.jpg,0
focused_00807.jpg,0
focused_00808.jpg,0
focused_00809.jpg,0
focused_00810.jpg,0
focused_00811.jpg,0
focused_00812.jpg,0
focused_00813.jpg,0
focused_00814.jpg,0
focused_00815.jpg,0
focused_00816.jpg,0
focused_00817.jpg,0
focused_00818.jpg,0
focused_00819.jpg,0
focused_00820.jpg,0
focused_00821.jpg,0
focused_00822.jpg,0
focused_00823.jpg,0
focused_00824.jpg,0
focused_00825.jpg,0
focused_00826.jpg,0
focused_00827.jpg,0
focused_00828.jpg,0
focused_00829.jpg,0
focused_00830.jpg,0
focused_00831.jpg,0
focused_00832.jpg,0
focused_00833.jpg,0
focused_00834.jpg,0
focused_00835.jpg,0
focused_00836.jpg,0
focused_00837.jpg,0
focused_00838.jpg,0
focused_00839.jpg,0
focused_00840.jpg,0
focused_00841.jpg,0
focused_00842.jpg,0
focused_00843.jpg,0
focused_00844.jpg,0
focused_00845.jpg,0
focused_00846.jpg,0
focused_00847.jpg,0
focused_00848.jpg,0
focused_00849.jpg,0
focused_00850.jpg,0
focused_00851.jpg,0
focused_00852.jpg,0
focused_00853.jpg,0
focused_00854.jpg,0
focused_00855.jpg,0
focused_00856.jpg,0
focused_00857.jpg,0
focused_00858.jpg,0
focused_00859.jpg,0
focused_00860.jpg,0
focused_00861.jpg,0
focused_00862.jpg,0
focused_00863.jpg,0
focused_00864.jpg,0
focused_00865.jpg,0
focused_00866.jpg,0
focused_00867.jpg,0
focused_00868.jpg,0
focused_00869.jpg,0
focused_00870.jpg,0
focused_00871.jpg,0
focused_00872.jpg,0
focused_00873.jpg,0
focused_00874.jpg,0
focused_00875.jpg,0
focused_00876.jpg,0
focused_00877.jpg,0
focused_00878.jpg,0
focused_00879.jpg,0
focused_00880.jpg,0
focused_00881.jpg,0
focused_00882.jpg,0
focused_00883.jpg,0
focused_00884.jpg,0
focused_00885.jpg,0
focused_00886.jpg,0
focused_00887.jpg,0
focused_00888.jpg,0
focused_00889.jpg,0
focused_00890.jpg,0
focused_00891.jpg,0
focused_00892.jpg,0
focused_00893.jpg,0
focused_00894.jpg,0
focused_00895.jpg,0
focused_00896.jpg,0
focused_00897.jpg,0
focused_00898.jpg,0
focused_00899.jpg,0
focused_00900.jpg,0
focused_00901.jpg,0
focused_00902.jpg,0
focused_00903.jpg,0
focused_00904.jpg,0
focused_00905.jpg,0
focused_00906.jpg,0
focused_00907.jpg,0
focused_00908.jpg,0
focused_00909.jpg,0
focused_00910.jpg,0
focused_00911.jpg,0
focused_00912.jpg,0
focused_00913.jpg,0
focused_00914.jpg,0
focused_00915.jpg,0
focused_00916.jpg,0
focused_00917.jpg,0
focused_00918.jpg,0
focused_00919.jpg,0
focused_00920.jpg,0
focused_00921.jpg,0
focused_00922.jpg,0
focused_00923.jpg,0
focused_00924.jpg,0
focused_00925.jpg,0
focused_00926.jpg,0
focused_00927.jpg,0
focused_00928.jpg,0
focused_00929.jpg,0
focused_00930.jpg,0
focused_00931.jpg,0
focused_00932.jpg,0
focused_00933.jpg,0
focused_00934.jpg,0
focused_00935.jpg,0
focused_00936.jpg,0
focused_00937.jpg,0
focused_00938.jpg,0
focused_00939.jpg,0
focused_00940.jpg,0
focused_00941.jpg,0
focused_00942.jpg,0
focused_00943.jpg,0
focused_00944.jpg,0
focused_00945.jpg,0
focused_00946.jpg,0
focused_00947.jpg,0
focused_00948.jpg,0
focused_00949.jpg,0
focused_00950.jpg,0
focused_00951.jpg,0
focused_00952.jpg,0
focused_00953.jpg,0
focused_00954.jpg,0
focused_00955.jpg,0
focused_00956.jpg,0
focused_00957.jpg,0
focused_00958.jpg,0
focused_00959.jpg,0
focused_00960.jpg,0
focused_00961.jpg,0
focused_00962.jpg,0
focused_00963.jpg,0
focused_00964.jpg,0
focused_00965.jpg,0
focused_00966.jpg,0
focused_00967.jpg,0
focused_00968.jpg,0
focused_00969.jpg,0
focused_00970.jpg,0
focused_00971.jpg,0
focused_00972.jpg,0
focused_00973.jpg,0
focused_00974.jpg,0
focused_00975.jpg,0
focused_00976.jpg,0
focused_00977.jpg,0
focused_00978.jpg,0
focused_00979.jpg,0
focused_00980.jpg,0
focused_00981.jpg,0
focused_00982.jpg,0
focused_00983.jpg,0
focused_00984.jpg,0
focused_00985.jpg,0
focused_00986.jpg,0
focused_00987.jpg,0
focused_00988.jpg,0
focused_00989.jpg,0
focused_00990.jpg,0
focused_00991.jpg,0
focused_00992.jpg,0
focused_00993.jpg,0
focused_00994.jpg,0
focused_00995.jpg,0
focused_00996.jpg,0
focused_00997.jpg,0
focused_00998.jpg,0
focused_00999.jpg,0
focused_01000.jpg,0
focused_01001.jpg,0
focused_01002.jpg,0
focused_01003.jpg,0
focused_01004.jpg,0
focused_01005.jpg,0
focused_01006.jpg,0
focused_01007.jpg,0
focused_01008.jpg,0
focused_01009.jpg,0
focused_01010.jpg,0
focused_01011.jpg,0
focused_01012.jpg,0
focused_01013.jpg,0
focused_01014.jpg,0
focused_01015.jpg,0
focused_01016.jpg,0
focused_01017.jpg,0
focused_01018.jpg,0
focused_01019.jpg,0
focused_01020.jpg,0
focused_01021.jpg,0
focused_01022.jpg,0
focused_01023.jpg,0
focused_01024.jpg,0
focused_01025.jpg,0
focused_01026.jpg,0
focused_01027.jpg,0
focused_01028.jpg,0
focused_01029.jpg,0
focused_01030.jpg,0
focused_01031.jpg,0
focused_01032.jpg,0
focused_01033.jpg,0
focused_01034.jpg,0
focused_01035.jpg,0
focused_01036.jpg,0
focused_01037.jpg,0
focused_01038.jpg,0
focused_01039.jpg,0
focused_01040.jpg,0
focused_01041.jpg,0
focused_01042.jpg,0
focused_01043.jpg,0
focused_01044.jpg,0
focused_01045.jpg,0
focused_01046.jpg,0
focused_01047.jpg,0
focused_01048.jpg,0
focused_01049.jpg,0
focused_01050.jpg,0
focused_01051.jpg,0
focused_01052.jpg,0
focused_01053.jpg,0
focused_01054.jpg,0
focused_01055.jpg,0
focused_01056.jpg,0
focused_01057.jpg,0
focused_01058.jpg,0
focused_01059.jpg,0
focused_01060.jpg,0
focused_01061.jpg,0
focused_01062.jpg,0
focused_01063.jpg,0
focused_01064.jpg,0
focused_01065.jpg,0
focused_01066.jpg,0
focused_01067.jpg,0
focused_01068.jpg,0
focused_01069.jpg,0
focused_01070.jpg,0
focused_01071.jpg,0
focused_01072.jpg,0
focused_01073.jpg,0
focused_01074.jpg,0
focused_01075.jpg,0
focused_01076.jpg,0
focused_01077.jpg,0
focused_01078.jpg,0
focused_01079.jpg,0
focused_01080.jpg,0
focused_01081.jpg,0
focused_01082.jpg,0
focused_01083.jpg,0
focused_01084.jpg,0
focused_01085.jpg,0
focused_01086.jpg,0
focused_01087.jpg,0
focused_01088.jpg,0
focused_01089.jpg,0
focused_01090.jpg,0
focused_01091.jpg,0
focused_01092.jpg,0
focused_01093.jpg,0
focused_01094.jpg,0
focused_01095.jpg,0
focused_01096.jpg,0
focused_01097.jpg,0
focused_01098.jpg,0
focused_01099.jpg,0
focused_01100.jpg,0
focused_01101.jpg,0
focused_01102.jpg,0
focused_01103.jpg,0
focused_01104.jpg,0
focused_01105.jpg,0
focused_01106.jpg,0
focused_01107.jpg,0
focused_01108.jpg,0
focused_01109.jpg,0
focused_01110.jpg,0
focused_01111.jpg,0
focused_01112.jpg,0
focused_01113.jpg,0
focused_01114.jpg,0
focused_01115.jpg,0
focused_01116.jpg,0
focused_01117.jpg,0
focused_01118.jpg,0
focused_01119.jpg,0
focused_01120.jpg,0
focused_01121.jpg,0
focused_01122.jpg,0
focused_01123.jpg,0
focused_01124.jpg,0
focused_01125.jpg,0
focused_01126.jpg,0
focused_01127.jpg,0
focused_01128.jpg,0
focused_01129.jpg,0
focused_01130.jpg,0
focused_01131.jpg,0
focused_01132.jpg,0
focused_01133.jpg,0
focused_01134.jpg,0
focused_01135.jpg,0
focused_01136.jpg,0
focused_01137.jpg,0
focused_01138.jpg,0
focused_01139.jpg,0
focused_01140.jpg,0
focused_01141.jpg,0
focused_01142.jpg,0
focused_01143.jpg,0
focused_01144.jpg,0
focused_01145.jpg,0
focused_01146.jpg,0
focused_01147.jpg,0
focused_01148.jpg,0
focused_01149.jpg,0
focused_01150.jpg,0
focused_01151.jpg,0
focused_01152.jpg,0
focused_01153.jpg,0
focused_01154.jpg,0
focused_01155.jpg,0
focused_01156.jpg,0
focused_01157.jpg,0
focused_01158.jpg,0
focused_01159.jpg,0
focused_01160.jpg,0
focused_01161.jpg,0
focused_01162.jpg,0
focused_01163.jpg,0
focused_01164.jpg,0
focused_01165.jpg,0
focused_01166.jpg,0
focused_01167.jpg,0
focused_01168.jpg,0
focused_01169.jpg,0
focused_01170.jpg,0
focused_01171.jpg,0
focused_01172.jpg,0
focused_01173.jpg,0
focused_01174.jpg,0
focused_01175.jpg,0
focused_01176.jpg,0
focused_01177.jpg,0
focused_01178.jpg,0
focused_01179.jpg,0
focused_01180.jpg,0
focused_01181.jpg,0
focused_01182.jpg,0
focused_01183.jpg,0
focused_01184.jpg,0
focused_01185.jpg,0
focused_01186.jpg,0
focused_01187.jpg,0
focused_01188.jpg,0
focused_01189.jpg,0
focused_01190.jpg,0
focused_01191.jpg,0
focused_01192.jpg,0
focused_01193.jpg,0
focused_01194.jpg,0
focused_01195.jpg,0
focused_01196.jpg,0
focused_01197.jpg,0
focused_01198.jpg,0
focused_01199.jpg,0
focused_01200.jpg,0
focused_01201.jpg,0
focused_01202.jpg,0
focused_01203.jpg,0
focused_01204.jpg,0
focused_01205.jpg,0
focused_01206.jpg,0
focused_01207.jpg,0
focused_01208.jpg,0
focused_01209.jpg,0
focused_01210.jpg,0
focused_01211.jpg,0
focused_01212.jpg,0
focused_01213.jpg,0
focused_01214.jpg,0
focused_01215.jpg,0
focused_01216.jpg,0
focused_01217.jpg,0
focused_01218.jpg,0
focused_01219.jpg,0
focused_01220.jpg,0
focused_01221.jpg,0
studying_00000.jpg,1
studying_00001.jpg,1
studying_00002.jpg,1
studying_00003.jpg,1
studying_00004.jpg,1
studying_00005.jpg,1
studying_00006.jpg,1
studying_00007.jpg,1
studying_00008.jpg,1
studying_00009.jpg,1
studying_00010.jpg,1
studying_00011.jpg,1
studying_00012.jpg,1
studying_00013.jpg,1
studying_00014.jpg,1
studying_00015.jpg,1
studying_00016.jpg,1
studying_00017.jpg,1
studying_00018.jpg,1
studying_00019.jpg,1
studying_00020.jpg,1
studying_00021.jpg,1
studying_00022.jpg,1
studying_00023.jpg,1
studying_00024.jpg,1
studying_00025.jpg,1
studying_00026.jpg,1
studying_00027.jpg,1
studying_00028.jpg,1
studying_00029.jpg,1
studying_00030.jpg,1
studying_00031.jpg,1
studying_00032.jpg,1
studying_00033.jpg,1
studying_00034.jpg,1
studying_00035.jpg,1
studying_00036.jpg,1
studying_00037.jpg,1
studying_00038.jpg,1
studying_00039.jpg,1
studying_00040.jpg,1
studying_00041.jpg,1
studying_00042.jpg,1
studying_00043.jpg,1
studying_00044.jpg,1
studying_00045.jpg,1
studying_00046.jpg,1
studying_00047.jpg,1
studying_00048.jpg,1
studying_00049.jpg,1
studying_00050.jpg,1
studying_00051.jpg,1
studying_00052.jpg,1
studying_00053.jpg,1
studying_00054.jpg,1
studying_00055.jpg,1
studying_00056.jpg,1
studying_00057.jpg,1
studying_00058.jpg,1
studying_00059.jpg,1
studying_00060.jpg,1
studying_00061.jpg,1
studying_00062.jpg,1
studying_00063.jpg,1
studying_00064.jpg,1
studying_00065.jpg,1
studying_00066.jpg,1
studying_00067.jpg,1
studying_00068.jpg,1
studying_00069.jpg,1
studying_00070.jpg,1
studying_00071.jpg,1
studying_00072.jpg,1
studying_00073.jpg,1
studying_00074.jpg,1
studying_00075.jpg,1
studying_00076.jpg,1
studying_00077.jpg,1
studying_00078.jpg,1
studying_00079.jpg,1
studying_00080.jpg,1
studying_00081.jpg,1
studying_00082.jpg,1
studying_00083.jpg,1
studying_00084.jpg,1
studying_00085.jpg,1
studying_00086.jpg,1
studying_00087.jpg,1
studying_00088.jpg,1
studying_00089.jpg,1
studying_00090.jpg,1
studying_00091.jpg,1
studying_00092.jpg,1
studying_00093.jpg,1
studying_00094.jpg,1
studying_00095.jpg,1
studying_00096.jpg,1
studying_00097.jpg,1
studying_00098.jpg,1
studying_00099.jpg,1
studying_00100.jpg,1
studying_00101.jpg,1
studying_00102.jpg,1
studying_00103.jpg,1
studying_00104.jpg,1
studying_00105.jpg,1
studying_00106.jpg,1
studying_00107.jpg,1
studying_00108.jpg,1
studying_00109.jpg,1
studying_00110.jpg,1
studying_00111.jpg,1
studying_00112.jpg,1
studying_00113.jpg,1
studying_00114.jpg,1
studying_00115.jpg,1
studying_00116.jpg,1
studying_00117.jpg,1
studying_00118.jpg,1
studying_00119.jpg,1
studying_00120.jpg,1
studying_00121.jpg,1
studying_00122.jpg,1
studying_00123.jpg,1
studying_00124.jpg,1
studying_00125.jpg,1
studying_00126.jpg,1
studying_00127.jpg,1
studying_00128.jpg,1
studying_00129.jpg,1
studying_00130.jpg,1
studying_00131.jpg,1
studying_00132.jpg,1
studying_00133.jpg,1
studying_00134.jpg,1
studying_00135.jpg,1
studying_00136.jpg,1
studying_00137.jpg,1
studying_00138.jpg,1
studying_00139.jpg,1
studying_00140.jpg,1
studying_00141.jpg,1
studying_00142.jpg,1
studying_00143.jpg,1
studying_00144.jpg,1
studying_00145.jpg,1
studying_00146.jpg,1
studying_00147.jpg,1
studying_00148.jpg,1
studying_00149.jpg,1
studying_00150.jpg,1
studying_00151.jpg,1
studying_00152.jpg,1
studying_00153.jpg,1
studying_00154.jpg,1
studying_00155.jpg,1
studying_00156.jpg,1
studying_00157.jpg,1
studying_00158.jpg,1
studying_00159.jpg,1
studying_00160.jpg,1
studying_00161.jpg,1
studying_00162.jpg,1
studying_00163.jpg,1
studying_00164.jpg,1
studying_00165.jpg,1
studying_00166.jpg,1
studying_00167.jpg,1
studying_00168.jpg,1
studying_00169.jpg,1
studying_00170.jpg,1
studying_00171.jpg,1
studying_00172.jpg,1
studying_00173.jpg,1
studying_00174.jpg,1
studying_00175.jpg,1
studying_00176.jpg,1
studying_00177.jpg,1
studying_00178.jpg,1
studying_00179.jpg,1
studying_00180.jpg,1
studying_00181.jpg,1
studying_00182.jpg,1
studying_00183.jpg,1
studying_00184.jpg,1
studying_00185.jpg,1
studying_00186.jpg,1
studying_00187.jpg,1
studying_00188.jpg,1
studying_00189.jpg,1
studying_00190.jpg,1
studying_00191.jpg,1
studying_00192.jpg,1
studying_00193.jpg,1
studying_00194.jpg,1
studying_00195.jpg,1
studying_00196.jpg,1
studying_00197.jpg,1
studying_00198.jpg,1
studying_00199.jpg,1
studying_00200.jpg,1
studying_00201.jpg,1
studying_00202.jpg,1
studying_00203.jpg,1
studying_00204.jpg,1
studying_00205.jpg,1
studying_00206.jpg,1
studying_00207.jpg,1
studying_00208.jpg,1
studying_00209.jpg,1
studying_00210.jpg,1
studying_00211.jpg,1
studying_00212.jpg,1
studying_00213.jpg,1
studying_00214.jpg,1
studying_00215.jpg,1
studying_00216.jpg,1
studying_00217.jpg,1
studying_00218.jpg,1
studying_00219.jpg,1
studying_00220.jpg,1
studying_00221.jpg,1
studying_00222.jpg,1
studying_00223.jpg,1
studying_00224.jpg,1
studying_00225.jpg,1
studying_00226.jpg,1
studying_00227.jpg,1
studying_00228.jpg,1
studying_00229.jpg,1
studying_00230.jpg,1
studying_00231.jpg,1
studying_00232.jpg,1
studying_00233.jpg,1
studying_00234.jpg,1
studying_00235.jpg,1
studying_00236.jpg,1
studying_00237.jpg,1
studying_00238.jpg,1
studying_00239.jpg,1
studying_00240.jpg,1
studying_00241.jpg,1
studying_00242.jpg,1
studying_00243.jpg,1
studying_00244.jpg,1
studying_00245.jpg,1
studying_00246.jpg,1
studying_00247.jpg,1
studying_00248.jpg,1
studying_00249.jpg,1
studying_00250.jpg,1
studying_00251.jpg,1
studying_00252.jpg,1
studying_00253.jpg,1
studying_00254.jpg,1
studying_00255.jpg,1
studying_00256.jpg,1
studying_00257.jpg,1
studying_00258.jpg,1
studying_00259.jpg,1
studying_00260.jpg,1
studying_00261.jpg,1
studying_00262.jpg,1
studying_00263.jpg,1
studying_00264.jpg,1
studying_00265.jpg,1
studying_00266.jpg,1
studying_00267.jpg,1
studying_00268.jpg,1
studying_00269.jpg,1
studying_00270.jpg,1
studying_00271.jpg,1
studying_00272.jpg,1
studying_00273.jpg,1
studying_00274.jpg,1
studying_00275.jpg,1
studying_00276.jpg,1
studying_00277.jpg,1
studying_00278.jpg,1
studying_00279.jpg,1
studying_00280.jpg,1
studying_00281.jpg,1
studying_00282.jpg,1
studying_00283.jpg,1
studying_00284.jpg,1
studying_00285.jpg,1
studying_00286.jpg,1
studying_00287.jpg,1
studying_00288.jpg,1
studying_00289.jpg,1
studying_00290.jpg,1
studying_00291.jpg,1
studying_00292.jpg,1
studying_00293.jpg,1
studying_00294.jpg,1
studying_00295.jpg,1
studying_00296.jpg,1
studying_00297.jpg,1
studying_00298.jpg,1
studying_00299.jpg,1
studying_00300.jpg,1
studying_00301.jpg,1
studying_00302.jpg,1
studying_00303.jpg,1
studying_00304.jpg,1
studying_00305.jpg,1
studying_00306.jpg,1
studying_00307.jpg,1
studying_00308.jpg,1
studying_00309.jpg,1
studying_00310.jpg,1
studying_00311.jpg,1
studying_00312.jpg,1
studying_00313.jpg,1
studying_00314.jpg,1
studying_00315.jpg,1
studying_00316.jpg,1
studying_00317.jpg,1
studying_00318.jpg,1
studying_00319.jpg,1
studying_00320.jpg,1
studying_00321.jpg,1
studying_00322.jpg,1
studying_00323.jpg,1
studying_00324.jpg,1
studying_00325.jpg,1
studying_00326.jpg,1
studying_00327.jpg,1
studying_00328.jpg,1
studying_00329.jpg,1
studying_00330.jpg,1
studying_00331.jpg,1
studying_00332.jpg,1
studying_00333.jpg,1
studying_00334.jpg,1
studying_00335.jpg,1
studying_00336.jpg,1
studying_00337.jpg,1
studying_00338.jpg,1
studying_00339.jpg,1
studying_00340.jpg,1
studying_00341.jpg,1
studying_00342.jpg,1
studying_00343.jpg,1
studying_00344.jpg,1
studying_00345.jpg,1
studying_00346.jpg,1
studying_00347.jpg,1
studying_00348.jpg,1
studying_00349.jpg,1
studying_00350.jpg,1
studying_00351.jpg,1
studying_00352.jpg,1
studying_00353.jpg,1
studying_00354.jpg,1
studying_00355.jpg,1
studying_00356.jpg,1
studying_00357.jpg,1
studying_00358.jpg,1
studying_00359.jpg,1
studying_00360.jpg,1
studying_00361.jpg,1
studying_00362.jpg,1
studying_00363.jpg,1
studying_00364.jpg,1
studying_00365.jpg,1
studying_00366.jpg,1
studying_00367.jpg,1
studying_00368.jpg,1
studying_00369.jpg,1
studying_00370.jpg,1
studying_00371.jpg,1
studying_00372.jpg,1
studying_00373.jpg,1
studying_00374.jpg,1
studying_00375.jpg,1
studying_00376.jpg,1
studying_00377.jpg,1
studying_00378.jpg,1
studying_00379.jpg,1
studying_00380.jpg,1
studying_00381.jpg,1
studying_00382.jpg,1
studying_00383.jpg,1
studying_00384.jpg,1
studying_00385.jpg,1
studying_00386.jpg,1
studying_00387.jpg,1
studying_00388.jpg,1
studying_00389.jpg,1
studying_00390.jpg,1
studying_00391.jpg,1
studying_00392.jpg,1
studying_00393.jpg,1
studying_00394.jpg,1
studying_00395.jpg,1
studying_00396.jpg,1
studying_00397.jpg,1
studying_00398.jpg,1
studying_00399.jpg,1
studying_00400.jpg,1
studying_00401.jpg,1
studying_00402.jpg,1
studying_00403.jpg,1
studying_00404.jpg,1
studying_00405.jpg,1
studying_00406.jpg,1
studying_00407.jpg,1
studying_00408.jpg,1
studying_00409.jpg,1
studying_00410.jpg,1
studying_00411.jpg,1
studying_00412.jpg,1
studying_00413.jpg,1
studying_00414.jpg,1
studying_00415.jpg,1
studying_00416.jpg,1
studying_00417.jpg,1
studying_00418.jpg,1
studying_00419.jpg,1
studying_00420.jpg,1
studying_00421.jpg,1
studying_00422.jpg,1
studying_00423.jpg,1
studying_00424.jpg,1
studying_00425.jpg,1
studying_00426.jpg,1
studying_00427.jpg,1
studying_00428.jpg,1
studying_00429.jpg,1
studying_00430.jpg,1
studying_00431.jpg,1
studying_00432.jpg,1
studying_00433.jpg,1
studying_00434.jpg,1
studying_00435.jpg,1
studying_00436.jpg,1
studying_00437.jpg,1
studying_00438.jpg,1
studying_00439.jpg,1
studying_00440.jpg,1
studying_00441.jpg,1
studying_00442.jpg,1
studying_00443.jpg,1
studying_00444.jpg,1
studying_00445.jpg,1
studying_00446.jpg,1
studying_00447.jpg,1
studying_00448.jpg,1
studying_00449.jpg,1
studying_00450.jpg,1
studying_00451.jpg,1
studying_00452.jpg,1
studying_00453.jpg,1
studying_00454.jpg,1
studying_00455.jpg,1
studying_00456.jpg,1
studying_00457.jpg,1
studying_00458.jpg,1
studying_00459.jpg,1
studying_00460.jpg,1
studying_00461.jpg,1
studying_00462.jpg,1
studying_00463.jpg,1
studying_00464.jpg,1
studying_00465.jpg,1
studying_00466.jpg,1
studying_00467.jpg,1
studying_00468.jpg,1
studying_00469.jpg,1
studying_00470.jpg,1
studying_00471.jpg,1
studying_00472.jpg,1
studying_00473.jpg,1
studying_00474.jpg,1
studying_00475.jpg,1
studying_00476.jpg,1
studying_00477.jpg,1
studying_00478.jpg,1
studying_00479.jpg,1
studying_00480.jpg,1
studying_00481.jpg,1
studying_00482.jpg,1
studying_00483.jpg,1
studying_00484.jpg,1
studying_00485.jpg,1
studying_00486.jpg,1
studying_00487.jpg,1
studying_00488.jpg,1
studying_00489.jpg,1
studying_00490.jpg,1
studying_00491.jpg,1
studying_00492.jpg,1
studying_00493.jpg,1
studying_00494.jpg,1
studying_00495.jpg,1
studying_00496.jpg,1
studying_00497.jpg,1
studying_00498.jpg,1
studying_00499.jpg,1
studying_00500.jpg,1
studying_00501.jpg,1
studying_00502.jpg,1
studying_00503.jpg,1
studying_00504.jpg,1
studying_00505.jpg,1
studying_00506.jpg,1
studying_00507.jpg,1
studying_00508.jpg,1
studying_00509.jpg,1
studying_00510.jpg,1
studying_00511.jpg,1
studying_00512.jpg,1
studying_00513.jpg,1
studying_00514.jpg,1
studying_00515.jpg,1
studying_00516.jpg,1
studying_00517.jpg,1
studying_00518.jpg,1
studying_00519.jpg,1
studying_00520.jpg,1
studying_00521.jpg,1
studying_00522.jpg,1
studying_00523.jpg,1
studying_00524.jpg,1
studying_00525.jpg,1
studying_00526.jpg,1
studying_00527.jpg,1
studying_00528.jpg,1
studying_00529.jpg,1
studying_00530.jpg,1
studying_00531.jpg,1
studying_00532.jpg,1
studying_00533.jpg,1
studying_00534.jpg,1
studying_00535.jpg,1
studying_00536.jpg,1
studying_00537.jpg,1
studying_00538.jpg,1
studying_00539.jpg,1
studying_00540.jpg,1
studying_00541.jpg,1
studying_00542.jpg,1
studying_00543.jpg,1
studying_00544.jpg,1
studying_00545.jpg,1
studying_00546.jpg,1
studying_00547.jpg,1
studying_00548.jpg,1
studying_00549.jpg,1
studying_00550.jpg,1
studying_00551.jpg,1
studying_00552.jpg,1
studying_00553.jpg,1
studying_00554.jpg,1
studying_00555.jpg,1
studying_00556.jpg,1
studying_00557.jpg,1
studying_00558.jpg,1
studying_00559.jpg,1
studying_00560.jpg,1
studying_00561.jpg,1
studying_00562.jpg,1
studying_00563.jpg,1
studying_00564.jpg,1
studying_00565.jpg,1
studying_00566.jpg,1
studying_00567.jpg,1
studying_00568.jpg,1
studying_00569.jpg,1
studying_00570.jpg,1
studying_00571.jpg,1
studying_00572.jpg,1
studying_00573.jpg,1
studying_00574.jpg,1
studying_00575.jpg,1
studying_00576.jpg,1
studying_00577.jpg,1
studying_00578.jpg,1
studying_00579.jpg,1
studying_00580.jpg,1
studying_00581.jpg,1
studying_00582.jpg,1
studying_00583.jpg,1
studying_00584.jpg,1
studying_00585.jpg,1
studying_00586.jpg,1
studying_00587.jpg,1
studying_00588.jpg,1
studying_00589.jpg,1
studying_00590.jpg,1
studying_00591.jpg,1
studying_00592.jpg,1
studying_00593.jpg,1
studying_00594.jpg,1
studying_00595.jpg,1
studying_00596.jpg,1
studying_00597.jpg,1
studying_00598.jpg,1
studying_00599.jpg,1
studying_00600.jpg,1
studying_00601.jpg,1
studying_00602.jpg,1
studying_00603.jpg,1
studying_00604.jpg,1
studying_00605.jpg,1
studying_00606.jpg,1
studying_00607.jpg,1
studying_00608.jpg,1
studying_00609.jpg,1
studying_00610.jpg,1
studying_00611.jpg,1
studying_00612.jpg,1
studying_00613.jpg,1
studying_00614.jpg,1
studying_00615.jpg,1
studying_00616.jpg,1
studying_00617.jpg,1
studying_00618.jpg,1
studying_00619.jpg,1
studying_00620.jpg,1
studying_00621.jpg,1
studying_00622.jpg,1
studying_00623.jpg,1
studying_00624.jpg,1
studying_00625.jpg,1
studying_00626.jpg,1
studying_00627.jpg,1
studying_00628.jpg,1
studying_00629.jpg,1
studying_00630.jpg,1
studying_00631.jpg,1
studying_00632.jpg,1
studying_00633.jpg,1
studying_00634.jpg,1
studying_00635.jpg,1
studying_00636.jpg,1
studying_00637.jpg,1
studying_00638.jpg,1
studying_00639.jpg,1
studying_00640.jpg,1
studying_00641.jpg,1
studying_00642.jpg,1
studying_00643.jpg,1
studying_00644.jpg,1
studying_00645.jpg,1
studying_00646.jpg,1
studying_00647.jpg,1
studying_00648.jpg,1
studying_00649.jpg,1
studying_00650.jpg,1
studying_00651.jpg,1
studying_00652.jpg,1
studying_00653.jpg,1
studying_00654.jpg,1
studying_00655.jpg,1
studying_00656.jpg,1
studying_00657.jpg,1
studying_00658.jpg,1
studying_00659.jpg,1
studying_00660.jpg,1
studying_00661.jpg,1
studying_00662.jpg,1
studying_00663.jpg,1
studying_00664.jpg,1
studying_00665.jpg,1
studying_00666.jpg,1
studying_00667.jpg,1
studying_00668.jpg,1
studying_00669.jpg,1
studying_00670.jpg,1
studying_00671.jpg,1
studying_00672.jpg,1
studying_00673.jpg,1
studying_00674.jpg,1
studying_00675.jpg,1
studying_00676.jpg,1
studying_00677.jpg,1
studying_00678.jpg,1
studying_00679.jpg,1
studying_00680.jpg,1
studying_00681.jpg,1
studying_00682.jpg,1
studying_00683.jpg,1
studying_00684.jpg,1
studying_00685.jpg,1
studying_00686.jpg,1
studying_00687.jpg,1
studying_00688.jpg,1
studying_00689.jpg,1
studying_00690.jpg,1
studying_00691.jpg,1
studying_00692.jpg,1
studying_00693.jpg,1
studying_00694.jpg,1
studying_00695.jpg,1
studying_00696.jpg,1
studying_00697.jpg,1
studying_00698.jpg,1
studying_00699.jpg,1
studying_00700.jpg,1
studying_00701.jpg,1
studying_00702.jpg,1
studying_00703.jpg,1
studying_00704.jpg,1
studying_00705.jpg,1
studying_00706.jpg,1
studying_00707.jpg,1
studying_00708.jpg,1
studying_00709.jpg,1
studying_00710.jpg,1
studying_00711.jpg,1
studying_00712.jpg,1
studying_00713.jpg,1
studying_00714.jpg,1
studying_00715.jpg,1
studying_00716.jpg,1
studying_00717.jpg,1
studying_00718.jpg,1
studying_00719.jpg,1
studying_00720.jpg,1
studying_00721.jpg,1
studying_00722.jpg,1
studying_00723.jpg,1
studying_00724.jpg,1
studying_00725.jpg,1
studying_00726.jpg,1
studying_00727.jpg,1
studying_00728.jpg,1
studying_00729.jpg,1
studying_00730.jpg,1
studying_00731.jpg,1
studying_00732.jpg,1
studying_00733.jpg,1
studying_00734.jpg,1
studying_00735.jpg,1
studying_00736.jpg,1
studying_00737.jpg,1
studying_00738.jpg,1
studying_00739.jpg,1
studying_00740.jpg,1
studying_00741.jpg,1
studying_00742.jpg,1
studying_00743.jpg,1
studying_00744.jpg,1
studying_00745.jpg,1
studying_00746.jpg,1
studying_00747.jpg,1
studying_00748.jpg,1
studying_00749.jpg,1
studying_00750.jpg,1
studying_00751.jpg,1
studying_00752.jpg,1
studying_00753.jpg,1
studying_00754.jpg,1
studying_00755.jpg,1
studying_00756.jpg,1
studying_00757.jpg,1
studying_00758.jpg,1
studying_00759.jpg,1
studying_00760.jpg,1
studying_00761.jpg,1
studying_00762.jpg,1
studying_00763.jpg,1
studying_00764.jpg,1
studying_00765.jpg,1
studying_00766.jpg,1
studying_00767.jpg,1
studying_00768.jpg,1
studying_00769.jpg,1
studying_00770.jpg,1
studying_00771.jpg,1
studying_00772.jpg,1
studying_00773.jpg,1
studying_00774.jpg,1
studying_00775.jpg,1
studying_00776.jpg,1
studying_00777.jpg,1
studying_00778.jpg,1
studying_00779.jpg,1
studying_00780.jpg,1
studying_00781.jpg,1
studying_00782.jpg,1
studying_00783.jpg,1
studying_00784.jpg,1
studying_00785.jpg,1
studying_00786.jpg,1
studying_00787.jpg,1
studying_00788.jpg,1
studying_00789.jpg,1
studying_00790.jpg,1
studying_00791.jpg,1
studying_00792.jpg,1
studying_00793.jpg,1
studying_00794.jpg,1
studying_00795.jpg,1
studying_00796.jpg,1
studying_00797.jpg,1
studying_00798.jpg,1
studying_00799.jpg,1
studying_00800.jpg,1
studying_00801.jpg,1
studying_00802.jpg,1
studying_00803.jpg,1
studying_00804.jpg,1
studying_00805.jpg,1
studying_00806.jpg,1
studying_00807.jpg,1
studying_00808.jpg,1
studying_00809.jpg,1
studying_00810.jpg,1
studying_00811.jpg,1
studying_00812.jpg,1
studying_00813.jpg,1
studying_00814.jpg,1
studying_00815.jpg,1
studying_00816.jpg,1
studying_00817.jpg,1
studying_00818.jpg,1
studying_00819.jpg,1
studying_00820.jpg,1
studying_00821.jpg,1
studying_00822.jpg,1
studying_00823.jpg,1
studying_00824.jpg,1
studying_00825.jpg,1
studying_00826.jpg,1
studying_00827.jpg,1
studying_00828.jpg,1
studying_00829.jpg,1
studying_00830.jpg,1
studying_00831.jpg,1
studying_00832.jpg,1
studying_00833.jpg,1
studying_00834.jpg,1
studying_00835.jpg,1
studying_00836.jpg,1
studying_00837.jpg,1
studying_00838.jpg,1
studying_00839.jpg,1
studying_00840.jpg,1
studying_00841.jpg,1
studying_00842.jpg,1
studying_00843.jpg,1
studying_00844.jpg,1
studying_00845.jpg,1
studying_00846.jpg,1
studying_00847.jpg,1
studying_00848.jpg,1
studying_00849.jpg,1
studying_00850.jpg,1
studying_00851.jpg,1
studying_00852.jpg,1
studying_00853.jpg,1
studying_00854.jpg,1
studying_00855.jpg,1
studying_00856.jpg,1
studying_00857.jpg,1
studying_00858.jpg,1
studying_00859.jpg,1
studying_00860.jpg,1
studying_00861.jpg,1
studying_00862.jpg,1
studying_00863.jpg,1
studying_00864.jpg,1
studying_00865.jpg,1
studying_00866.jpg,1
studying_00867.jpg,1
studying_00868.jpg,1
studying_00869.jpg,1
studying_00870.jpg,1
studying_00871.jpg,1
studying_00872.jpg,1
studying_00873.jpg,1
studying_00874.jpg,1
studying_00875.jpg,1
studying_00876.jpg,1
studying_00877.jpg,1
studying_00878.jpg,1
studying_00879.jpg,1
studying_00880.jpg,1
studying_00881.jpg,1
studying_00882.jpg,1
studying_00883.jpg,1
studying_00884.jpg,1
studying_00885.jpg,1
studying_00886.jpg,1
studying_00887.jpg,1
studying_00888.jpg,1
studying_00889.jpg,1
studying_00890.jpg,1
studying_00891.jpg,1
studying_00892.jpg,1
studying_00893.jpg,1
studying_00894.jpg,1
studying_00895.jpg,1
studying_00896.jpg,1
studying_00897.jpg,1
studying_00898.jpg,1
studying_00899.jpg,1
studying_00900.jpg,1
studying_00901.jpg,1
studying_00902.jpg,1
studying_00903.jpg,1
studying_00904.jpg,1
studying_00905.jpg,1
studying_00906.jpg,1
studying_00907.jpg,1
studying_00908.jpg,1
studying_00909.jpg,1
studying_00910.jpg,1
studying_00911.jpg,1
studying_00912.jpg,1
studying_00913.jpg,1
studying_00914.jpg,1
studying_00915.jpg,1
studying_00916.jpg,1
studying_00917.jpg,1
studying_00918.jpg,1
studying_00919.jpg,1
studying_00920.jpg,1
studying_00921.jpg,1
studying_00922.jpg,1
studying_00923.jpg,1
studying_00924.jpg,1
studying_00925.jpg,1
studying_00926.jpg,1
studying_00927.jpg,1
studying_00928.jpg,1
studying_00929.jpg,1
studying_00930.jpg,1
studying_00931.jpg,1
studying_00932.jpg,1
studying_00933.jpg,1
studying_00934.jpg,1
studying_00935.jpg,1
studying_00936.jpg,1
studying_00937.jpg,1
studying_00938.jpg,1
studying_00939.jpg,1
studying_00940.jpg,1
studying_00941.jpg,1
studying_00942.jpg,1
studying_00943.jpg,1
studying_00944.jpg,1
studying_00945.jpg,1
studying_00946.jpg,1
studying_00947.jpg,1
studying_00948.jpg,1
studying_00949.jpg,1
studying_00950.jpg,1
studying_00951.jpg,1
studying_00952.jpg,1
studying_00953.jpg,1
studying_00954.jpg,1
studying_00955.jpg,1
studying_00956.jpg,1
studying_00957.jpg,1
studying_00958.jpg,1
studying_00959.jpg,1
studying_00960.jpg,1
studying_00961.jpg,1
studying_00962.jpg,1
studying_00963.jpg,1
studying_00964.jpg,1
studying_00965.jpg,1
studying_00966.jpg,1
studying_00967.jpg,1
studying_00968.jpg,1
studying_00969.jpg,1
studying_00970.jpg,1
studying_00971.jpg,1
studying_00972.jpg,1
studying_00973.jpg,1
studying_00974.jpg,1
studying_00975.jpg,1
studying_00976.jpg,1
studying_00977.jpg,1
studying_00978.jpg,1
studying_00979.jpg,1
studying_00980.jpg,1
studying_00981.jpg,1
studying_00982.jpg,1
studying_00983.jpg,1
studying_00984.jpg,1
studying_00985.jpg,1
studying_00986.jpg,1
studying_00987.jpg,1
studying_00988.jpg,1
studying_00989.jpg,1
studying_00990.jpg,1
studying_00991.jpg,1
studying_00992.jpg,1
studying_00993.jpg,1
studying_00994.jpg,1
studying_00995.jpg,1
studying_00996.jpg,1
studying_00997.jpg,1
studying_00998.jpg,1
studying_00999.jpg,1
studying_01000.jpg,1
studying_01001.jpg,1
studying_01002.jpg,1
studying_01003.jpg,1
studying_01004.jpg,1
studying_01005.jpg,1
studying_01006.jpg,1
studying_01007.jpg,1
studying_01008.jpg,1
studying_01009.jpg,1
studying_01010.jpg,1
studying_01011.jpg,1
studying_01012.jpg,1
studying_01013.jpg,1
studying_01014.jpg,1
studying_01015.jpg,1
studying_01016.jpg,1
studying_01017.jpg,1
studying_01018.jpg,1
studying_01019.jpg,1
studying_01020.jpg,1
studying_01021.jpg,1
studying_01022.jpg,1
studying_01023.jpg,1
studying_01024.jpg,1
studying_01025.jpg,1
studying_01026.jpg,1
studying_01027.jpg,1
studying_01028.jpg,1
studying_01029.jpg,1
studying_01030.jpg,1
studying_01031.jpg,1
studying_01032.jpg,1
studying_01033.jpg,1
studying_01034.jpg,1
studying_01035.jpg,1
studying_01036.jpg,1
studying_01037.jpg,1
studying_01038.jpg,1
studying_01039.jpg,1
studying_01040.jpg,1
studying_01041.jpg,1
studying_01042.jpg,1
studying_01043.jpg,1
studying_01044.jpg,1
studying_01045.jpg,1
studying_01046.jpg,1
studying_01047.jpg,1
studying_01048.jpg,1
studying_01049.jpg,1
studying_01050.jpg,1
studying_01051.jpg,1
studying_01052.jpg,1
studying_01053.jpg,1
studying_01054.jpg,1
studying_01055.jpg,1
studying_01056.jpg,1
studying_01057.jpg,1
studying_01058.jpg,1
studying_01059.jpg,1
studying_01060.jpg,1
studying_01061.jpg,1
studying_01062.jpg,1
studying_01063.jpg,1
studying_01064.jpg,1
studying_01065.jpg,1
studying_01066.jpg,1
studying_01067.jpg,1
studying_01068.jpg,1
studying_01069.jpg,1
studying_01070.jpg,1
studying_01071.jpg,1
studying_01072.jpg,1
studying_01073.jpg,1
studying_01074.jpg,1
studying_01075.jpg,1
studying_01076.jpg,1
studying_01077.jpg,1
studying_01078.jpg,1
studying_01079.jpg,1
studying_01080.jpg,1
studying_01081.jpg,1
studying_01082.jpg,1
studying_01083.jpg,1
studying_01084.jpg,1
studying_01085.jpg,1
studying_01086.jpg,1
studying_01087.jpg,1
studying_01088.jpg,1
studying_01089.jpg,1
studying_01090.jpg,1
studying_01091.jpg,1
studying_01092.jpg,1
studying_01093.jpg,1
studying_01094.jpg,1
studying_01095.jpg,1
studying_01096.jpg,1
studying_01097.jpg,1
studying_01098.jpg,1
studying_01099.jpg,1
studying_01100.jpg,1
studying_01101.jpg,1
studying_01102.jpg,1
studying_01103.jpg,1
studying_01104.jpg,1
studying_01105.jpg,1
studying_01106.jpg,1
studying_01107.jpg,1
studying_01108.jpg,1
studying_01109.jpg,1
studying_01110.jpg,1
studying_01111.jpg,1
studying_01112.jpg,1
studying_01113.jpg,1
studying_01114.jpg,1
studying_01115.jpg,1
studying_01116.jpg,1
studying_01117.jpg,1
studying_01118.jpg,1
studying_01119.jpg,1
studying_01120.jpg,1
studying_01121.jpg,1
studying_01122.jpg,1
studying_01123.jpg,1
studying_01124.jpg,1
studying_01125.jpg,1
studying_01126.jpg,1
studying_01127.jpg,1
studying_01128.jpg,1
studying_01129.jpg,1
studying_01130.jpg,1
studying_01131.jpg,1
studying_01132.jpg,1
studying_01133.jpg,1
studying_01134.jpg,1
studying_01135.jpg,1
studying_01136.jpg,1
studying_01137.jpg,1
studying_01138.jpg,1
studying_01139.jpg,1
studying_01140.jpg,1
studying_01141.jpg,1
studying_01142.jpg,1
studying_01143.jpg,1
studying_01144.jpg,1
studying_01145.jpg,1
studying_01146.jpg,1
studying_01147.jpg,1
studying_01148.jpg,1
studying_01149.jpg,1
studying_01150.jpg,1
studying_01151.jpg,1
studying_01152.jpg,1
studying_01153.jpg,1
studying_01154.jpg,1
studying_01155.jpg,1
studying_01156.jpg,1
studying_01157.jpg,1
studying_01158.jpg,1
studying_01159.jpg,1
studying_01160.jpg,1
studying_01161.jpg,1
studying_01162.jpg,1
studying_01163.jpg,1
studying_01164.jpg,1
studying_01165.jpg,1
studying_01166.jpg,1
studying_01167.jpg,1
studying_01168.jpg,1
studying_01169.jpg,1
studying_01170.jpg,1
studying_01171.jpg,1
studying_01172.jpg,1
studying_01173.jpg,1
studying_01174.jpg,1
studying_01175.jpg,1
studying_01176.jpg,1
studying_01177.jpg,1
studying_01178.jpg,1
studying_01179.jpg,1
studying_01180.jpg,1
studying_01181.jpg,1
studying_01182.jpg,1
studying_01183.jpg,1
studying_01184.jpg,1
studying_01185.jpg,1
studying_01186.jpg,1
studying_01187.jpg,1
studying_01188.jpg,1
studying_01189.jpg,1
studying_01190.jpg,1
studying_01191.jpg,1
studying_01192.jpg,1
studying_01193.jpg,1
studying_01194.jpg,1
studying_01195.jpg,1
studying_01196.jpg,1
studying_01197.jpg,1
studying_01198.jpg,1
studying_01199.jpg,1
studying_01200.jpg,1
studying_01201.jpg,1
studying_01202.jpg,1
studying_01203.jpg,1
studying_01204.jpg,1
studying_01205.jpg,1
studying_01206.jpg,1
studying_01207.jpg,1
studying_01208.jpg,1
studying_01209.jpg,1
studying_01210.jpg,1
studying_01211.jpg,1
studying_01212.jpg,1
studying_01213.jpg,1
studying_01214.jpg,1
studying_01215.jpg,1
studying_01216.jpg,1
studying_01217.jpg,1
studying_01218.jpg,1
studying_01219.jpg,1
studying_01220.jpg,1
studying_01221.jpg,1
studying_01222.jpg,1
studying_01223.jpg,1
studying_01224.jpg,1
studying_01225.jpg,1
studying_01226.jpg,1
studying_01227.jpg,1
studying_01228.jpg,1
studying_01229.jpg,1
studying_01230.jpg,1
studying_01231.jpg,1
studying_01232.jpg,1
studying_01233.jpg,1
studying_01234.jpg,1
studying_01235.jpg,1
studying_01236.jpg,1
studying_01237.jpg,1
studying_01238.jpg,1
studying_01239.jpg,1
studying_01240.jpg,1
studying_01241.jpg,1
studying_01242.jpg,1
studying_01243.jpg,1
studying_01244.jpg,1
studying_01245.jpg,1
studying_01246.jpg,1
studying_01247.jpg,1
studying_01248.jpg,1
studying_01249.jpg,1
studying_01250.jpg,1
studying_01251.jpg,1
studying_01252.jpg,1
studying_01253.jpg,1
studying_01254.jpg,1
studying_01255.jpg,1
studying_01256.jpg,1
studying_01257.jpg,1
studying_01258.jpg,1
studying_01259.jpg,1
studying_01260.jpg,1
studying_01261.jpg,1
studying_01262.jpg,1
studying_01263.jpg,1
studying_01264.jpg,1
studying_01265.jpg,1
studying_01266.jpg,1
studying_01267.jpg,1
studying_01268.jpg,1
studying_01269.jpg,1
studying_01270.jpg,1
studying_01271.jpg,1
studying_01272.jpg,1
studying_01273.jpg,1
studying_01274.jpg,1
studying_01275.jpg,1
studying_01276.jpg,1
studying_01277.jpg,1
studying_01278.jpg,1
studying_01279.jpg,1
studying_01280.jpg,1
studying_01281.jpg,1
studying_01282.jpg,1
studying_01283.jpg,1
studying_01284.jpg,1
studying_01285.jpg,1
studying_01286.jpg,1
studying_01287.jpg,1
studying_01288.jpg,1
studying_01289.jpg,1
studying_01290.jpg,1
studying_01291.jpg,1
studying_01292.jpg,1
studying_01293.jpg,1
studying_01294.jpg,1
studying_01295.jpg,1
studying_01296.jpg,1
studying_01297.jpg,1
studying_01298.jpg,1
studying_01299.jpg,1
studying_01300.jpg,1
studying_01301.jpg,1
studying_01302.jpg,1
studying_01303.jpg,1
studying_01304.jpg,1
studying_01305.jpg,1
studying_01306.jpg,1
studying_01307.jpg,1
studying_01308.jpg,1
studying_01309.jpg,1
studying_01310.jpg,1
studying_01311.jpg,1
studying_01312.jpg,1
studying_01313.jpg,1
studying_01314.jpg,1
studying_01315.jpg,1
studying_01316.jpg,1
studying_01317.jpg,1
studying_01318.jpg,1
studying_01319.jpg,1
studying_01320.jpg,1
studying_01321.jpg,1
studying_01322.jpg,1
studying_01323.jpg,1
studying_01324.jpg,1
studying_01325.jpg,1
studying_01326.jpg,1
studying_01327.jpg,1
studying_01328.jpg,1
studying_01329.jpg,1
studying_01330.jpg,1
studying_01331.jpg,1
studying_01332.jpg,1
studying_01333.jpg,1
studying_01334.jpg,1
studying_01335.jpg,1
studying_01336.jpg,1
studying_01337.jpg,1
studying_01338.jpg,1
studying_01339.jpg,1
studying_01340.jpg,1
studying_01341.jpg,1
studying_01342.jpg,1
studying_01343.jpg,1
studying_01344.jpg,1
studying_01345.jpg,1
studying_01346.jpg,1
studying_01347.jpg,1
studying_01348.jpg,1
studying_01349.jpg,1
studying_01350.jpg,1
studying_01351.jpg,1
studying_01352.jpg,1
studying_01353.jpg,1
studying_01354.jpg,1
studying_01355.jpg,1
studying_01356.jpg,1
studying_01357.jpg,1
studying_01358.jpg,1
studying_01359.jpg,1
studying_01360.jpg,1
studying_01361.jpg,1
studying_01362.jpg,1
studying_01363.jpg,1
studying_01364.jpg,1
studying_01365.jpg,1
studying_01366.jpg,1
studying_01367.jpg,1
studying_01368.jpg,1
studying_01369.jpg,1
studying_01370.jpg,1
studying_01371.jpg,1
studying_01372.jpg,1
studying_01373.jpg,1
studying_01374.jpg,1
studying_01375.jpg,1
studying_01376.jpg,1
studying_01377.jpg,1
studying_01378.jpg,1
studying_01379.jpg,1
studying_01380.jpg,1
studying_01381.jpg,1
studying_01382.jpg,1
studying_01383.jpg,1
studying_01384.jpg,1
studying_01385.jpg,1
studying_01386.jpg,1
studying_01387.jpg,1
studying_01388.jpg,1
studying_01389.jpg,1
studying_01390.jpg,1
studying_01391.jpg,1
studying_01392.jpg,1
studying_01393.jpg,1
studying_01394.jpg,1
studying_01395.jpg,1
studying_01396.jpg,1
studying_01397.jpg,1
studying_01398.jpg,1
studying_01399.jpg,1
studying_01400.jpg,1
studying_01401.jpg,1
studying_01402.jpg,1
studying_01403.jpg,1
studying_01404.jpg,1
studying_01405.jpg,1
studying_01406.jpg,1
studying_01407.jpg,1
studying_01408.jpg,1
studying_01409.jpg,1
studying_01410.jpg,1
studying_01411.jpg,1
studying_01412.jpg,1
studying_01413.jpg,1
studying_01414.jpg,1
studying_01415.jpg,1
studying_01416.jpg,1
studying_01417.jpg,1
studying_01418.jpg,1
studying_01419.jpg,1
studying_01420.jpg,1
studying_01421.jpg,1
studying_01422.jpg,1
studying_01423.jpg,1
studying_01424.jpg,1
studying_01425.jpg,1
studying_01426.jpg,1
studying_01427.jpg,1
studying_01428.jpg,1
studying_01429.jpg,1
studying_01430.jpg,1
studying_01431.jpg,1
studying_01432.jpg,1
studying_01433.jpg,1
studying_01434.jpg,1
studying_01435.jpg,1
studying_01436.jpg,1
studying_01437.jpg,1
studying_01438.jpg,1
studying_01439.jpg,1
studying_01440.jpg,1
studying_01441.jpg,1
studying_01442.jpg,1
studying_01443.jpg,1
studying_01444.jpg,1
studying_01445.jpg,1
studying_01446.jpg,1
studying_01447.jpg,1
studying_01448.jpg,1
studying_01449.jpg,1
studying_01450.jpg,1
studying_01451.jpg,1
studying_01452.jpg,1
studying_01453.jpg,1
studying_01454.jpg,1
studying_01455.jpg,1
studying_01456.jpg,1
studying_01457.jpg,1
studying_01458.jpg,1
studying_01459.jpg,1
studying_01460.jpg,1
studying_01461.jpg,1
studying_01462.jpg,1
studying_01463.jpg,1
studying_01464.jpg,1
studying_01465.jpg,1
studying_01466.jpg,1
studying_01467.jpg,1
studying_01468.jpg,1
distracted_00000.jpg,2
distracted_00001.jpg,2
distracted_00002.jpg,2
distracted_00003.jpg,2
distracted_00004.jpg,2
distracted_00005.jpg,2
distracted_00006.jpg,2
distracted_00007.jpg,2
distracted_00008.jpg,2
distracted_00009.jpg,2
distracted_00010.jpg,2
distracted_00011.jpg,2
distracted_00012.jpg,2
distracted_00013.jpg,2
distracted_00014.jpg,2
distracted_00015.jpg,2
distracted_00016.jpg,2
distracted_00017.jpg,2
distracted_00018.jpg,2
distracted_00019.jpg,2
distracted_00020.jpg,2
distracted_00021.jpg,2
distracted_00022.jpg,2
distracted_00023.jpg,2
distracted_00024.jpg,2
distracted_00025.jpg,2
distracted_00026.jpg,2
distracted_00027.jpg,2
distracted_00028.jpg,2
distracted_00029.jpg,2
distracted_00030.jpg,2
distracted_00031.jpg,2
distracted_00032.jpg,2
distracted_00033.jpg,2
distracted_00034.jpg,2
distracted_00035.jpg,2
distracted_00036.jpg,2
distracted_00037.jpg,2
distracted_00038.jpg,2
distracted_00039.jpg,2
distracted_00040.jpg,2
distracted_00041.jpg,2
distracted_00042.jpg,2
distracted_00043.jpg,2
distracted_00044.jpg,2
distracted_00045.jpg,2
distracted_00046.jpg,2
distracted_00047.jpg,2
distracted_00048.jpg,2
distracted_00049.jpg,2
distracted_00050.jpg,2
distracted_00051.jpg,2
distracted_00052.jpg,2
distracted_00053.jpg,2
distracted_00054.jpg,2
distracted_00055.jpg,2
distracted_00056.jpg,2
distracted_00057.jpg,2
distracted_00058.jpg,2
distracted_00059.jpg,2
distracted_00060.jpg,2
distracted_00061.jpg,2
distracted_00062.jpg,2
distracted_00063.jpg,2
distracted_00064.jpg,2
distracted_00065.jpg,2
distracted_00066.jpg,2
distracted_00067.jpg,2
distracted_00068.jpg,2
distracted_00069.jpg,2
distracted_00070.jpg,2
distracted_00071.jpg,2
distracted_00072.jpg,2
distracted_00073.jpg,2
distracted_00074.jpg,2
distracted_00075.jpg,2
distracted_00076.jpg,2
distracted_00077.jpg,2
distracted_00078.jpg,2
distracted_00079.jpg,2
distracted_00080.jpg,2
distracted_00081.jpg,2
distracted_00082.jpg,2
distracted_00083.jpg,2
distracted_00084.jpg,2
distracted_00085.jpg,2
distracted_00086.jpg,2
distracted_00087.jpg,2
distracted_00088.jpg,2
distracted_00089.jpg,2
distracted_00090.jpg,2
distracted_00091.jpg,2
distracted_00092.jpg,2
distracted_00093.jpg,2
distracted_00094.jpg,2
distracted_00095.jpg,2
distracted_00096.jpg,2
distracted_00097.jpg,2
distracted_00098.jpg,2
distracted_00099.jpg,2
distracted_00100.jpg,2
distracted_00101.jpg,2
distracted_00102.jpg,2
distracted_00103.jpg,2
distracted_00104.jpg,2
distracted_00105.jpg,2
distracted_00106.jpg,2
distracted_00107.jpg,2
distracted_00108.jpg,2
distracted_00109.jpg,2
distracted_00110.jpg,2
distracted_00111.jpg,2
distracted_00112.jpg,2
distracted_00113.jpg,2
distracted_00114.jpg,2
distracted_00115.jpg,2
distracted_00116.jpg,2
distracted_00117.jpg,2
distracted_00118.jpg,2
distracted_00119.jpg,2
distracted_00120.jpg,2
distracted_00121.jpg,2
distracted_00122.jpg,2
distracted_00123.jpg,2
distracted_00124.jpg,2
distracted_00125.jpg,2
distracted_00126.jpg,2
distracted_00127.jpg,2
distracted_00128.jpg,2
distracted_00129.jpg,2
distracted_00130.jpg,2
distracted_00131.jpg,2
distracted_00132.jpg,2
distracted_00133.jpg,2
distracted_00134.jpg,2
distracted_00135.jpg,2
distracted_00136.jpg,2
distracted_00137.jpg,2
distracted_00138.jpg,2
distracted_00139.jpg,2
distracted_00140.jpg,2
distracted_00141.jpg,2
distracted_00142.jpg,2
distracted_00143.jpg,2
distracted_00144.jpg,2
distracted_00145.jpg,2
distracted_00146.jpg,2
distracted_00147.jpg,2
distracted_00148.jpg,2
distracted_00149.jpg,2
distracted_00150.jpg,2
distracted_00151.jpg,2
distracted_00152.jpg,2
distracted_00153.jpg,2
distracted_00154.jpg,2
distracted_00155.jpg,2
distracted_00156.jpg,2
distracted_00157.jpg,2
distracted_00158.jpg,2
distracted_00159.jpg,2
distracted_00160.jpg,2
distracted_00161.jpg,2
distracted_00162.jpg,2
distracted_00163.jpg,2
distracted_00164.jpg,2
distracted_00165.jpg,2
distracted_00166.jpg,2
distracted_00167.jpg,2
distracted_00168.jpg,2
distracted_00169.jpg,2
distracted_00170.jpg,2
distracted_00171.jpg,2
distracted_00172.jpg,2
distracted_00173.jpg,2
distracted_00174.jpg,2
distracted_00175.jpg,2
distracted_00176.jpg,2
distracted_00177.jpg,2
distracted_00178.jpg,2
distracted_00179.jpg,2
distracted_00180.jpg,2
distracted_00181.jpg,2
distracted_00182.jpg,2
distracted_00183.jpg,2
distracted_00184.jpg,2
distracted_00185.jpg,2
distracted_00186.jpg,2
distracted_00187.jpg,2
distracted_00188.jpg,2
distracted_00189.jpg,2
distracted_00190.jpg,2
distracted_00191.jpg,2
distracted_00192.jpg,2
distracted_00193.jpg,2
distracted_00194.jpg,2
distracted_00195.jpg,2
distracted_00196.jpg,2
distracted_00197.jpg,2
distracted_00198.jpg,2
distracted_00199.jpg,2
distracted_00200.jpg,2
distracted_00201.jpg,2
distracted_00202.jpg,2
distracted_00203.jpg,2
distracted_00204.jpg,2
distracted_00205.jpg,2
distracted_00206.jpg,2
distracted_00207.jpg,2
distracted_00208.jpg,2
distracted_00209.jpg,2
distracted_00210.jpg,2
distracted_00211.jpg,2
distracted_00212.jpg,2
distracted_00213.jpg,2
distracted_00214.jpg,2
distracted_00215.jpg,2
distracted_00216.jpg,2
distracted_00217.jpg,2
distracted_00218.jpg,2
distracted_00219.jpg,2
distracted_00220.jpg,2
distracted_00221.jpg,2
distracted_00222.jpg,2
distracted_00223.jpg,2
distracted_00224.jpg,2
distracted_00225.jpg,2
distracted_00226.jpg,2
distracted_00227.jpg,2
distracted_00228.jpg,2
distracted_00229.jpg,2
distracted_00230.jpg,2
distracted_00231.jpg,2
distracted_00232.jpg,2
distracted_00233.jpg,2
distracted_00234.jpg,2
distracted_00235.jpg,2
distracted_00236.jpg,2
distracted_00237.jpg,2
distracted_00238.jpg,2
distracted_00239.jpg,2
distracted_00240.jpg,2
distracted_00241.jpg,2
distracted_00242.jpg,2
distracted_00243.jpg,2
distracted_00244.jpg,2
distracted_00245.jpg,2
distracted_00246.jpg,2
distracted_00247.jpg,2
distracted_00248.jpg,2
distracted_00249.jpg,2
distracted_00250.jpg,2
distracted_00251.jpg,2
distracted_00252.jpg,2
distracted_00253.jpg,2
distracted_00254.jpg,2
distracted_00255.jpg,2
distracted_00256.jpg,2
distracted_00257.jpg,2
distracted_00258.jpg,2
distracted_00259.jpg,2
distracted_00260.jpg,2
distracted_00261.jpg,2
distracted_00262.jpg,2
distracted_00263.jpg,2
distracted_00264.jpg,2
distracted_00265.jpg,2
distracted_00266.jpg,2
distracted_00267.jpg,2
distracted_00268.jpg,2
distracted_00269.jpg,2
distracted_00270.jpg,2
distracted_00271.jpg,2
distracted_00272.jpg,2
distracted_00273.jpg,2
distracted_00274.jpg,2
distracted_00275.jpg,2
distracted_00276.jpg,2
distracted_00277.jpg,2
distracted_00278.jpg,2
distracted_00279.jpg,2
distracted_00280.jpg,2
distracted_00281.jpg,2
distracted_00282.jpg,2
distracted_00283.jpg,2
distracted_00284.jpg,2
distracted_00285.jpg,2
distracted_00286.jpg,2
distracted_00287.jpg,2
distracted_00288.jpg,2
distracted_00289.jpg,2
distracted_00290.jpg,2
distracted_00291.jpg,2
distracted_00292.jpg,2
distracted_00293.jpg,2
distracted_00294.jpg,2
distracted_00295.jpg,2
distracted_00296.jpg,2
distracted_00297.jpg,2
distracted_00298.jpg,2
distracted_00299.jpg,2
distracted_00300.jpg,2
distracted_00301.jpg,2
distracted_00302.jpg,2
distracted_00303.jpg,2
distracted_00304.jpg,2
distracted_00305.jpg,2
distracted_00306.jpg,2
distracted_00307.jpg,2
distracted_00308.jpg,2
distracted_00309.jpg,2
distracted_00310.jpg,2
distracted_00311.jpg,2
distracted_00312.jpg,2
distracted_00313.jpg,2
distracted_00314.jpg,2
distracted_00315.jpg,2
distracted_00316.jpg,2
distracted_00317.jpg,2
distracted_00318.jpg,2
distracted_00319.jpg,2
distracted_00320.jpg,2
distracted_00321.jpg,2
distracted_00322.jpg,2
distracted_00323.jpg,2
distracted_00324.jpg,2
distracted_00325.jpg,2
distracted_00326.jpg,2
distracted_00327.jpg,2
distracted_00328.jpg,2
distracted_00329.jpg,2
distracted_00330.jpg,2
distracted_00331.jpg,2
distracted_00332.jpg,2
distracted_00333.jpg,2
distracted_00334.jpg,2
distracted_00335.jpg,2
distracted_00336.jpg,2
distracted_00337.jpg,2
distracted_00338.jpg,2
distracted_00339.jpg,2
distracted_00340.jpg,2
distracted_00341.jpg,2
distracted_00342.jpg,2
distracted_00343.jpg,2
distracted_00344.jpg,2
distracted_00345.jpg,2
distracted_00346.jpg,2
distracted_00347.jpg,2
distracted_00348.jpg,2
distracted_00349.jpg,2
distracted_00350.jpg,2
distracted_00351.jpg,2
distracted_00352.jpg,2
distracted_00353.jpg,2
distracted_00354.jpg,2
distracted_00355.jpg,2
distracted_00356.jpg,2
distracted_00357.jpg,2
distracted_00358.jpg,2
distracted_00359.jpg,2
distracted_00360.jpg,2
distracted_00361.jpg,2
distracted_00362.jpg,2
distracted_00363.jpg,2
distracted_00364.jpg,2
distracted_00365.jpg,2
distracted_00366.jpg,2
distracted_00367.jpg,2
distracted_00368.jpg,2
distracted_00369.jpg,2
distracted_00370.jpg,2
distracted_00371.jpg,2
distracted_00372.jpg,2
distracted_00373.jpg,2
distracted_00374.jpg,2
distracted_00375.jpg,2
distracted_00376.jpg,2
distracted_00377.jpg,2
distracted_00378.jpg,2
distracted_00379.jpg,2
distracted_00380.jpg,2
distracted_00381.jpg,2
distracted_00382.jpg,2
distracted_00383.jpg,2
distracted_00384.jpg,2
distracted_00385.jpg,2
distracted_00386.jpg,2
distracted_00387.jpg,2
distracted_00388.jpg,2
distracted_00389.jpg,2
distracted_00390.jpg,2
distracted_00391.jpg,2
distracted_00392.jpg,2
distracted_00393.jpg,2
distracted_00394.jpg,2
distracted_00395.jpg,2
distracted_00396.jpg,2
distracted_00397.jpg,2
distracted_00398.jpg,2
distracted_00399.jpg,2
distracted_00400.jpg,2
distracted_00401.jpg,2
distracted_00402.jpg,2
distracted_00403.jpg,2
distracted_00404.jpg,2
distracted_00405.jpg,2
distracted_00406.jpg,2
distracted_00407.jpg,2
distracted_00408.jpg,2
distracted_00409.jpg,2
distracted_00410.jpg,2
distracted_00411.jpg,2
distracted_00412.jpg,2
distracted_00413.jpg,2
distracted_00414.jpg,2
distracted_00415.jpg,2
distracted_00416.jpg,2
distracted_00417.jpg,2
distracted_00418.jpg,2
distracted_00419.jpg,2
distracted_00420.jpg,2
distracted_00421.jpg,2
distracted_00422.jpg,2
distracted_00423.jpg,2
distracted_00424.jpg,2
distracted_00425.jpg,2
distracted_00426.jpg,2
distracted_00427.jpg,2
distracted_00428.jpg,2
distracted_00429.jpg,2
distracted_00430.jpg,2
distracted_00431.jpg,2
distracted_00432.jpg,2
distracted_00433.jpg,2
distracted_00434.jpg,2
distracted_00435.jpg,2
distracted_00436.jpg,2
distracted_00437.jpg,2
distracted_00438.jpg,2
distracted_00439.jpg,2
distracted_00440.jpg,2
distracted_00441.jpg,2
distracted_00442.jpg,2
distracted_00443.jpg,2
distracted_00444.jpg,2
distracted_00445.jpg,2
distracted_00446.jpg,2
distracted_00447.jpg,2
distracted_00448.jpg,2
distracted_00449.jpg,2
distracted_00450.jpg,2
distracted_00451.jpg,2
distracted_00452.jpg,2
distracted_00453.jpg,2
distracted_00454.jpg,2
distracted_00455.jpg,2
distracted_00456.jpg,2
distracted_00457.jpg,2
distracted_00458.jpg,2
distracted_00459.jpg,2
distracted_00460.jpg,2
distracted_00461.jpg,2
distracted_00462.jpg,2
distracted_00463.jpg,2
distracted_00464.jpg,2
distracted_00465.jpg,2
distracted_00466.jpg,2
distracted_00467.jpg,2
distracted_00468.jpg,2
distracted_00469.jpg,2
distracted_00470.jpg,2
distracted_00471.jpg,2
distracted_00472.jpg,2
distracted_00473.jpg,2
distracted_00474.jpg,2
distracted_00475.jpg,2
distracted_00476.jpg,2
distracted_00477.jpg,2
distracted_00478.jpg,2
distracted_00479.jpg,2
distracted_00480.jpg,2
distracted_00481.jpg,2
distracted_00482.jpg,2
distracted_00483.jpg,2
distracted_00484.jpg,2
distracted_00485.jpg,2
distracted_00486.jpg,2
distracted_00487.jpg,2
distracted_00488.jpg,2
distracted_00489.jpg,2
distracted_00490.jpg,2
distracted_00491.jpg,2
distracted_00492.jpg,2
distracted_00493.jpg,2
distracted_00494.jpg,2
distracted_00495.jpg,2
distracted_00496.jpg,2
distracted_00497.jpg,2
distracted_00498.jpg,2
distracted_00499.jpg,2
distracted_00500.jpg,2
distracted_00501.jpg,2
distracted_00502.jpg,2
distracted_00503.jpg,2
distracted_00504.jpg,2
distracted_00505.jpg,2
distracted_00506.jpg,2
distracted_00507.jpg,2
distracted_00508.jpg,2
distracted_00509.jpg,2
distracted_00510.jpg,2
distracted_00511.jpg,2
distracted_00512.jpg,2
distracted_00513.jpg,2
distracted_00514.jpg,2
distracted_00515.jpg,2
distracted_00516.jpg,2
distracted_00517.jpg,2
distracted_00518.jpg,2
distracted_00519.jpg,2
distracted_00520.jpg,2
distracted_00521.jpg,2
distracted_00522.jpg,2
distracted_00523.jpg,2
distracted_00524.jpg,2
distracted_00525.jpg,2
distracted_00526.jpg,2
distracted_00527.jpg,2
distracted_00528.jpg,2
distracted_00529.jpg,2
distracted_00530.jpg,2
distracted_00531.jpg,2
distracted_00532.jpg,2
distracted_00533.jpg,2
distracted_00534.jpg,2
distracted_00535.jpg,2
distracted_00536.jpg,2
distracted_00537.jpg,2
distracted_00538.jpg,2
distracted_00539.jpg,2
distracted_00540.jpg,2
distracted_00541.jpg,2
distracted_00542.jpg,2
distracted_00543.jpg,2
distracted_00544.jpg,2
distracted_00545.jpg,2
distracted_00546.jpg,2
distracted_00547.jpg,2
distracted_00548.jpg,2
distracted_00549.jpg,2
distracted_00550.jpg,2
distracted_00551.jpg,2
distracted_00552.jpg,2
distracted_00553.jpg,2
distracted_00554.jpg,2
distracted_00555.jpg,2
distracted_00556.jpg,2
distracted_00557.jpg,2
distracted_00558.jpg,2
distracted_00559.jpg,2
distracted_00560.jpg,2
distracted_00561.jpg,2
distracted_00562.jpg,2
distracted_00563.jpg,2
distracted_00564.jpg,2
distracted_00565.jpg,2
distracted_00566.jpg,2
distracted_00567.jpg,2
distracted_00568.jpg,2
distracted_00569.jpg,2
distracted_00570.jpg,2
distracted_00571.jpg,2
distracted_00572.jpg,2
distracted_00573.jpg,2
distracted_00574.jpg,2
distracted_00575.jpg,2
distracted_00576.jpg,2
distracted_00577.jpg,2
distracted_00578.jpg,2
distracted_00579.jpg,2
distracted_00580.jpg,2
distracted_00581.jpg,2
distracted_00582.jpg,2
distracted_00583.jpg,2
distracted_00584.jpg,2
distracted_00585.jpg,2
distracted_00586.jpg,2
distracted_00587.jpg,2
distracted_00588.jpg,2
distracted_00589.jpg,2
distracted_00590.jpg,2
distracted_00591.jpg,2
distracted_00592.jpg,2
distracted_00593.jpg,2
distracted_00594.jpg,2
distracted_00595.jpg,2
distracted_00596.jpg,2
distracted_00597.jpg,2
distracted_00598.jpg,2
distracted_00599.jpg,2
distracted_00600.jpg,2
distracted_00601.jpg,2
distracted_00602.jpg,2
distracted_00603.jpg,2
distracted_00604.jpg,2
distracted_00605.jpg,2
distracted_00606.jpg,2
distracted_00607.jpg,2
distracted_00608.jpg,2
distracted_00609.jpg,2
distracted_00610.jpg,2
distracted_00611.jpg,2
distracted_00612.jpg,2
distracted_00613.jpg,2
distracted_00614.jpg,2
distracted_00615.jpg,2
distracted_00616.jpg,2
distracted_00617.jpg,2
distracted_00618.jpg,2
distracted_00619.jpg,2
distracted_00620.jpg,2
distracted_00621.jpg,2
distracted_00622.jpg,2
distracted_00623.jpg,2
distracted_00624.jpg,2
distracted_00625.jpg,2
distracted_00626.jpg,2
distracted_00627.jpg,2
distracted_00628.jpg,2
distracted_00629.jpg,2
distracted_00630.jpg,2
distracted_00631.jpg,2
distracted_00632.jpg,2
distracted_00633.jpg,2
distracted_00634.jpg,2
distracted_00635.jpg,2
distracted_00636.jpg,2
distracted_00637.jpg,2
distracted_00638.jpg,2
distracted_00639.jpg,2
distracted_00640.jpg,2
distracted_00641.jpg,2
distracted_00642.jpg,2
distracted_00643.jpg,2
distracted_00644.jpg,2
distracted_00645.jpg,2
distracted_00646.jpg,2
distracted_00647.jpg,2
distracted_00648.jpg,2
distracted_00649.jpg,2
distracted_00650.jpg,2
distracted_00651.jpg,2
distracted_00652.jpg,2
distracted_00653.jpg,2
distracted_00654.jpg,2
distracted_00655.jpg,2
distracted_00656.jpg,2
distracted_00657.jpg,2
distracted_00658.jpg,2
distracted_00659.jpg,2
distracted_00660.jpg,2
distracted_00661.jpg,2
distracted_00662.jpg,2
distracted_00663.jpg,2
distracted_00664.jpg,2
distracted_00665.jpg,2
distracted_00666.jpg,2
distracted_00667.jpg,2
distracted_00668.jpg,2
distracted_00669.jpg,2
distracted_00670.jpg,2
distracted_00671.jpg,2
distracted_00672.jpg,2
distracted_00673.jpg,2
distracted_00674.jpg,2
distracted_00675.jpg,2
distracted_00676.jpg,2
distracted_00677.jpg,2
distracted_00678.jpg,2
distracted_00679.jpg,2
distracted_00680.jpg,2
distracted_00681.jpg,2
distracted_00682.jpg,2
distracted_00683.jpg,2
distracted_00684.jpg,2
distracted_00685.jpg,2
distracted_00686.jpg,2
distracted_00687.jpg,2
distracted_00688.jpg,2
distracted_00689.jpg,2
distracted_00690.jpg,2
distracted_00691.jpg,2
distracted_00692.jpg,2
distracted_00693.jpg,2
distracted_00694.jpg,2
distracted_00695.jpg,2
distracted_00696.jpg,2
distracted_00697.jpg,2
distracted_00698.jpg,2
distracted_00699.jpg,2
distracted_00700.jpg,2
distracted_00701.jpg,2
distracted_00702.jpg,2
distracted_00703.jpg,2
distracted_00704.jpg,2
distracted_00705.jpg,2
distracted_00706.jpg,2
distracted_00707.jpg,2
distracted_00708.jpg,2
distracted_00709.jpg,2
distracted_00710.jpg,2
distracted_00711.jpg,2
distracted_00712.jpg,2
distracted_00713.jpg,2
distracted_00714.jpg,2
distracted_00715.jpg,2
distracted_00716.jpg,2
distracted_00717.jpg,2
distracted_00718.jpg,2
distracted_00719.jpg,2
distracted_00720.jpg,2
distracted_00721.jpg,2
distracted_00722.jpg,2
distracted_00723.jpg,2
distracted_00724.jpg,2
distracted_00725.jpg,2
distracted_00726.jpg,2
distracted_00727.jpg,2
distracted_00728.jpg,2
distracted_00729.jpg,2
distracted_00730.jpg,2
distracted_00731.jpg,2
distracted_00732.jpg,2
distracted_00733.jpg,2
distracted_00734.jpg,2
distracted_00735.jpg,2
distracted_00736.jpg,2
distracted_00737.jpg,2
distracted_00738.jpg,2
distracted_00739.jpg,2
distracted_00740.jpg,2
distracted_00741.jpg,2
distracted_00742.jpg,2
distracted_00743.jpg,2
distracted_00744.jpg,2
distracted_00745.jpg,2
distracted_00746.jpg,2
distracted_00747.jpg,2
distracted_00748.jpg,2
distracted_00749.jpg,2
distracted_00750.jpg,2
distracted_00751.jpg,2
distracted_00752.jpg,2
distracted_00753.jpg,2
distracted_00754.jpg,2
distracted_00755.jpg,2
distracted_00756.jpg,2
distracted_00757.jpg,2
distracted_00758.jpg,2
distracted_00759.jpg,2
distracted_00760.jpg,2
distracted_00761.jpg,2
distracted_00762.jpg,2
distracted_00763.jpg,2
distracted_00764.jpg,2
distracted_00765.jpg,2
distracted_00766.jpg,2
distracted_00767.jpg,2
distracted_00768.jpg,2
distracted_00769.jpg,2
distracted_00770.jpg,2
distracted_00771.jpg,2
distracted_00772.jpg,2
distracted_00773.jpg,2
distracted_00774.jpg,2
distracted_00775.jpg,2
distracted_00776.jpg,2
distracted_00777.jpg,2
distracted_00778.jpg,2
distracted_00779.jpg,2
distracted_00780.jpg,2
distracted_00781.jpg,2
distracted_00782.jpg,2
distracted_00783.jpg,2
distracted_00784.jpg,2
distracted_00785.jpg,2
distracted_00786.jpg,2
distracted_00787.jpg,2
distracted_00788.jpg,2
distracted_00789.jpg,2
distracted_00790.jpg,2
distracted_00791.jpg,2
distracted_00792.jpg,2
distracted_00793.jpg,2
distracted_00794.jpg,2
distracted_00795.jpg,2
distracted_00796.jpg,2
distracted_00797.jpg,2
distracted_00798.jpg,2
distracted_00799.jpg,2
distracted_00800.jpg,2
distracted_00801.jpg,2
distracted_00802.jpg,2
distracted_00803.jpg,2
distracted_00804.jpg,2
distracted_00805.jpg,2
distracted_00806.jpg,2
distracted_00807.jpg,2
distracted_00808.jpg,2
distracted_00809.jpg,2
distracted_00810.jpg,2
distracted_00811.jpg,2
distracted_00812.jpg,2
distracted_00813.jpg,2
distracted_00814.jpg,2
distracted_00815.jpg,2
distracted_00816.jpg,2
distracted_00817.jpg,2
distracted_00818.jpg,2
distracted_00819.jpg,2
distracted_00820.jpg,2
distracted_00821.jpg,2
distracted_00822.jpg,2
distracted_00823.jpg,2
distracted_00824.jpg,2
distracted_00825.jpg,2
distracted_00826.jpg,2
distracted_00827.jpg,2
distracted_00828.jpg,2
distracted_00829.jpg,2
distracted_00830.jpg,2
distracted_00831.jpg,2
distracted_00832.jpg,2
distracted_00833.jpg,2
distracted_00834.jpg,2
distracted_00835.jpg,2
distracted_00836.jpg,2
distracted_00837.jpg,2
distracted_00838.jpg,2
distracted_00839.jpg,2
distracted_00840.jpg,2
distracted_00841.jpg,2
distracted_00842.jpg,2
distracted_00843.jpg,2
distracted_00844.jpg,2
distracted_00845.jpg,2
distracted_00846.jpg,2
distracted_00847.jpg,2
distracted_00848.jpg,2
distracted_00849.jpg,2
distracted_00850.jpg,2
distracted_00851.jpg,2
distracted_00852.jpg,2
distracted_00853.jpg,2
distracted_00854.jpg,2
distracted_00855.jpg,2
distracted_00856.jpg,2
distracted_00857.jpg,2
distracted_00858.jpg,2
distracted_00859.jpg,2
distracted_00860.jpg,2
distracted_00861.jpg,2
distracted_00862.jpg,2
distracted_00863.jpg,2
distracted_00864.jpg,2
distracted_00865.jpg,2
distracted_00866.jpg,2
distracted_00867.jpg,2
distracted_00868.jpg,2
distracted_00869.jpg,2
distracted_00870.jpg,2
distracted_00871.jpg,2
distracted_00872.jpg,2
distracted_00873.jpg,2
distracted_00874.jpg,2
distracted_00875.jpg,2
distracted_00876.jpg,2
distracted_00877.jpg,2
distracted_00878.jpg,2
distracted_00879.jpg,2
distracted_00880.jpg,2
distracted_00881.jpg,2
distracted_00882.jpg,2
distracted_00883.jpg,2
distracted_00884.jpg,2
distracted_00885.jpg,2
distracted_00886.jpg,2
distracted_00887.jpg,2
distracted_00888.jpg,2
distracted_00889.jpg,2
distracted_00890.jpg,2
distracted_00891.jpg,2
distracted_00892.jpg,2
distracted_00893.jpg,2
distracted_00894.jpg,2
distracted_00895.jpg,2
distracted_00896.jpg,2
distracted_00897.jpg,2
distracted_00898.jpg,2
distracted_00899.jpg,2
distracted_00900.jpg,2
distracted_00901.jpg,2
distracted_00902.jpg,2
distracted_00903.jpg,2
distracted_00904.jpg,2
distracted_00905.jpg,2
distracted_00906.jpg,2
distracted_00907.jpg,2
distracted_00908.jpg,2
distracted_00909.jpg,2
distracted_00910.jpg,2
distracted_00911.jpg,2
distracted_00912.jpg,2
distracted_00913.jpg,2
distracted_00914.jpg,2
distracted_00915.jpg,2
distracted_00916.jpg,2
distracted_00917.jpg,2
distracted_00918.jpg,2
distracted_00919.jpg,2
distracted_00920.jpg,2
distracted_00921.jpg,2
distracted_00922.jpg,2
distracted_00923.jpg,2
distracted_00924.jpg,2
distracted_00925.jpg,2
distracted_00926.jpg,2
distracted_00927.jpg,2
distracted_00928.jpg,2
distracted_00929.jpg,2
distracted_00930.jpg,2
distracted_00931.jpg,2
distracted_00932.jpg,2
distracted_00933.jpg,2
distracted_00934.jpg,2
distracted_00935.jpg,2
distracted_00936.jpg,2
distracted_00937.jpg,2
distracted_00938.jpg,2
distracted_00939.jpg,2
distracted_00940.jpg,2
distracted_00941.jpg,2
distracted_00942.jpg,2
distracted_00943.jpg,2
distracted_00944.jpg,2
distracted_00945.jpg,2
distracted_00946.jpg,2
distracted_00947.jpg,2
distracted_00948.jpg,2
distracted_00949.jpg,2
distracted_00950.jpg,2
distracted_00951.jpg,2
distracted_00952.jpg,2
distracted_00953.jpg,2
distracted_00954.jpg,2
distracted_00955.jpg,2
distracted_00956.jpg,2
distracted_00957.jpg,2
distracted_00958.jpg,2
distracted_00959.jpg,2
distracted_00960.jpg,2
distracted_00961.jpg,2
distracted_00962.jpg,2
distracted_00963.jpg,2
distracted_00964.jpg,2
distracted_00965.jpg,2
distracted_00966.jpg,2
distracted_00967.jpg,2
distracted_00968.jpg,2
distracted_00969.jpg,2
distracted_00970.jpg,2
distracted_00971.jpg,2
distracted_00972.jpg,2
distracted_00973.jpg,2
distracted_00974.jpg,2
distracted_00975.jpg,2
distracted_00976.jpg,2
distracted_00977.jpg,2
distracted_00978.jpg,2
distracted_00979.jpg,2
distracted_00980.jpg,2
distracted_00981.jpg,2
distracted_00982.jpg,2
distracted_00983.jpg,2
distracted_00984.jpg,2
distracted_00985.jpg,2
distracted_00986.jpg,2
distracted_00987.jpg,2
distracted_00988.jpg,2
distracted_00989.jpg,2
distracted_00990.jpg,2
distracted_00991.jpg,2
distracted_00992.jpg,2
distracted_00993.jpg,2
distracted_00994.jpg,2
distracted_00995.jpg,2
distracted_00996.jpg,2
distracted_00997.jpg,2
distracted_00998.jpg,2
distracted_00999.jpg,2
distracted_01000.jpg,2
distracted_01001.jpg,2
distracted_01002.jpg,2
distracted_01003.jpg,2
distracted_01004.jpg,2
distracted_01005.jpg,2
distracted_01006.jpg,2
distracted_01007.jpg,2
distracted_01008.jpg,2
distracted_01009.jpg,2
distracted_01010.jpg,2
distracted_01011.jpg,2
distracted_01012.jpg,2
distracted_01013.jpg,2
distracted_01014.jpg,2
distracted_01015.jpg,2
distracted_01016.jpg,2
distracted_01017.jpg,2
distracted_01018.jpg,2
distracted_01019.jpg,2
distracted_01020.jpg,2
distracted_01021.jpg,2
distracted_01022.jpg,2
distracted_01023.jpg,2
distracted_01024.jpg,2
distracted_01025.jpg,2
distracted_01026.jpg,2
distracted_01027.jpg,2
distracted_01028.jpg,2
distracted_01029.jpg,2
distracted_01030.jpg,2
distracted_01031.jpg,2
distracted_01032.jpg,2
distracted_01033.jpg,2
distracted_01034.jpg,2
distracted_01035.jpg,2
distracted_01036.jpg,2
distracted_01037.jpg,2
distracted_01038.jpg,2
distracted_01039.jpg,2
distracted_01040.jpg,2
distracted_01041.jpg,2
distracted_01042.jpg,2
distracted_01043.jpg,2
distracted_01044.jpg,2
distracted_01045.jpg,2
distracted_01046.jpg,2
distracted_01047.jpg,2
distracted_01048.jpg,2
distracted_01049.jpg,2
distracted_01050.jpg,2
distracted_01051.jpg,2
distracted_01052.jpg,2
distracted_01053.jpg,2
distracted_01054.jpg,2
distracted_01055.jpg,2
distracted_01056.jpg,2
distracted_01057.jpg,2
distracted_01058.jpg,2
distracted_01059.jpg,2
distracted_01060.jpg,2
distracted_01061.jpg,2
distracted_01062.jpg,2
distracted_01063.jpg,2
distracted_01064.jpg,2
distracted_01065.jpg,2
distracted_01066.jpg,2
distracted_01067.jpg,2
distracted_01068.jpg,2
distracted_01069.jpg,2
distracted_01070.jpg,2
distracted_01071.jpg,2
distracted_01072.jpg,2
distracted_01073.jpg,2
distracted_01074.jpg,2
distracted_01075.jpg,2
distracted_01076.jpg,2
distracted_01077.jpg,2
distracted_01078.jpg,2
distracted_01079.jpg,2
distracted_01080.jpg,2
distracted_01081.jpg,2
distracted_01082.jpg,2
distracted_01083.jpg,2
distracted_01084.jpg,2
distracted_01085.jpg,2
distracted_01086.jpg,2
distracted_01087.jpg,2
distracted_01088.jpg,2
distracted_01089.jpg,2
distracted_01090.jpg,2
distracted_01091.jpg,2
distracted_01092.jpg,2
distracted_01093.jpg,2
distracted_01094.jpg,2
distracted_01095.jpg,2
distracted_01096.jpg,2
distracted_01097.jpg,2
distracted_01098.jpg,2
distracted_01099.jpg,2
distracted_01100.jpg,2
distracted_01101.jpg,2
distracted_01102.jpg,2
distracted_01103.jpg,2
distracted_01104.jpg,2
distracted_01105.jpg,2
distracted_01106.jpg,2
distracted_01107.jpg,2
distracted_01108.jpg,2
distracted_01109.jpg,2
distracted_01110.jpg,2
distracted_01111.jpg,2
distracted_01112.jpg,2
distracted_01113.jpg,2
distracted_01114.jpg,2
distracted_01115.jpg,2
distracted_01116.jpg,2
distracted_01117.jpg,2
distracted_01118.jpg,2
distracted_01119.jpg,2
distracted_01120.jpg,2
distracted_01121.jpg,2
distracted_01122.jpg,2
distracted_01123.jpg,2
distracted_01124.jpg,2
distracted_01125.jpg,2
distracted_01126.jpg,2
distracted_01127.jpg,2
distracted_01128.jpg,2
distracted_01129.jpg,2
distracted_01130.jpg,2
distracted_01131.jpg,2
distracted_01132.jpg,2
distracted_01133.jpg,2
distracted_01134.jpg,2
distracted_01135.jpg,2
distracted_01136.jpg,2
distracted_01137.jpg,2
distracted_01138.jpg,2
distracted_01139.jpg,2
distracted_01140.jpg,2
distracted_01141.jpg,2
distracted_01142.jpg,2
distracted_01143.jpg,2
distracted_01144.jpg,2
distracted_01145.jpg,2
distracted_01146.jpg,2
distracted_01147.jpg,2
distracted_01148.jpg,2
distracted_01149.jpg,2
distracted_01150.jpg,2
distracted_01151.jpg,2
distracted_01152.jpg,2
distracted_01153.jpg,2
distracted_01154.jpg,2
distracted_01155.jpg,2
distracted_01156.jpg,2
distracted_01157.jpg,2
distracted_01158.jpg,2
distracted_01159.jpg,2
distracted_01160.jpg,2
distracted_01161.jpg,2
distracted_01162.jpg,2
distracted_01163.jpg,2
distracted_01164.jpg,2
distracted_01165.jpg,2
distracted_01166.jpg,2
distracted_01167.jpg,2
distracted_01168.jpg,2
distracted_01169.jpg,2
distracted_01170.jpg,2
distracted_01171.jpg,2
distracted_01172.jpg,2
distracted_01173.jpg,2
distracted_01174.jpg,2
distracted_01175.jpg,2
distracted_01176.jpg,2
distracted_01177.jpg,2
distracted_01178.jpg,2
distracted_01179.jpg,2
distracted_01180.jpg,2
distracted_01181.jpg,2
distracted_01182.jpg,2
distracted_01183.jpg,2
distracted_01184.jpg,2
distracted_01185.jpg,2
distracted_01186.jpg,2
distracted_01187.jpg,2
distracted_01188.jpg,2
distracted_01189.jpg,2
distracted_01190.jpg,2
distracted_01191.jpg,2
distracted_01192.jpg,2
distracted_01193.jpg,2
distracted_01194.jpg,2
distracted_01195.jpg,2
distracted_01196.jpg,2
